customer_id,region,signup_date
1,Санкт-Петербург,2020-01-01
2,Новосибирск,2020-01-01
3,Москва,2020-01-01
4,Санкт-Петербург,2020-01-01
5,Москва,2020-01-01
6,Тюмень,2020-01-01
7,Санкт-Петербург,2020-01-01
8,Санкт-Петербург,2020-01-01
9,Тюмень,2020-01-01
10,Новосибирск,2020-01-01
11,Тюмень,2020-01-02
12,Новосибирск,2020-01-02
13,Москва,2020-01-02
14,Санкт-Петербург,2020-01-02
15,Тюмень,2020-01-02
16,Москва,2020-01-02
17,Москва,2020-01-02
18,Санкт-Петербург,2020-01-02
19,Санкт-Петербург,2020-01-02
20,Санкт-Петербург,2020-01-02
21,Москва,2020-01-03
22,Новосибирск,2020-01-03
23,Новосибирск,2020-01-03
24,Санкт-Петербург,2020-01-03
25,Санкт-Петербург,2020-01-03
26,Санкт-Петербург,2020-01-03
27,Тюмень,2020-01-03
28,Москва,2020-01-03
29,Москва,2020-01-03
30,Новосибирск,2020-01-03
31,Новосибирск,2020-01-04
32,Москва,2020-01-04
33,Санкт-Петербург,2020-01-04
34,Москва,2020-01-04
35,Санкт-Петербург,2020-01-04
36,Москва,2020-01-04
37,Новосибирск,2020-01-04
38,Москва,2020-01-04
39,Санкт-Петербург,2020-01-04
40,Санкт-Петербург,2020-01-04
41,Тюмень,2020-01-05
42,Москва,2020-01-05
43,Москва,2020-01-05
44,Санкт-Петербург,2020-01-05
45,Тюмень,2020-01-05
46,Тюмень,2020-01-05
47,Новосибирск,2020-01-05
48,Новосибирск,2020-01-05
49,Новосибирск,2020-01-05
50,Тюмень,2020-01-05
51,Москва,2020-01-06
52,Санкт-Петербург,2020-01-06
53,Тюмень,2020-01-06
54,Новосибирск,2020-01-06
55,Тюмень,2020-01-06
56,Санкт-Петербург,2020-01-06
57,Санкт-Петербург,2020-01-06
58,Новосибирск,2020-01-06
59,Санкт-Петербург,2020-01-06
60,Москва,2020-01-06
61,Тюмень,2020-01-07
62,Новосибирск,2020-01-07
63,Новосибирск,2020-01-07
64,Москва,2020-01-07
65,Москва,2020-01-07
66,Новосибирск,2020-01-07
67,Тюмень,2020-01-07
68,Москва,2020-01-07
69,Санкт-Петербург,2020-01-07
70,Санкт-Петербург,2020-01-07
71,Новосибирск,2020-01-08
72,Тюмень,2020-01-08
73,Новосибирск,2020-01-08
74,Москва,2020-01-08
75,Новосибирск,2020-01-08
76,Тюмень,2020-01-08
77,Москва,2020-01-08
78,Москва,2020-01-08
79,Новосибирск,2020-01-08
80,Москва,2020-01-08
81,Москва,2020-01-09
82,Новосибирск,2020-01-09
83,Новосибирск,2020-01-09
84,Санкт-Петербург,2020-01-09
85,Санкт-Петербург,2020-01-09
86,Новосибирск,2020-01-09
87,Новосибирск,2020-01-09
88,Санкт-Петербург,2020-01-09
89,Москва,2020-01-09
90,Москва,2020-01-09
91,Санкт-Петербург,2020-01-10
92,Санкт-Петербург,2020-01-10
93,Тюмень,2020-01-10
94,Москва,2020-01-10
95,Москва,2020-01-10
96,Москва,2020-01-10
97,Тюмень,2020-01-10
98,Санкт-Петербург,2020-01-10
99,Москва,2020-01-10
100,Санкт-Петербург,2020-01-10
101,Новосибирск,2020-01-11
102,Санкт-Петербург,2020-01-11
103,Тюмень,2020-01-11
104,Москва,2020-01-11
105,Тюмень,2020-01-11
106,Москва,2020-01-11
107,Новосибирск,2020-01-11
108,Москва,2020-01-11
109,Тюмень,2020-01-11
110,Санкт-Петербург,2020-01-11
111,Москва,2020-01-12
112,Москва,2020-01-12
113,Новосибирск,2020-01-12
114,Тюмень,2020-01-12
115,Санкт-Петербург,2020-01-12
116,Тюмень,2020-01-12
117,Санкт-Петербург,2020-01-12
118,Москва,2020-01-12
119,Москва,2020-01-12
120,Тюмень,2020-01-12
121,Санкт-Петербург,2020-01-13
122,Тюмень,2020-01-13
123,Тюмень,2020-01-13
124,Новосибирск,2020-01-13
125,Новосибирск,2020-01-13
126,Москва,2020-01-13
127,Санкт-Петербург,2020-01-13
128,Москва,2020-01-13
129,Москва,2020-01-13
130,Новосибирск,2020-01-13
131,Новосибирск,2020-01-14
132,Тюмень,2020-01-14
133,Москва,2020-01-14
134,Санкт-Петербург,2020-01-14
135,Новосибирск,2020-01-14
136,Новосибирск,2020-01-14
137,Тюмень,2020-01-14
138,Москва,2020-01-14
139,Санкт-Петербург,2020-01-14
140,Тюмень,2020-01-14
141,Москва,2020-01-15
142,Новосибирск,2020-01-15
143,Новосибирск,2020-01-15
144,Новосибирск,2020-01-15
145,Тюмень,2020-01-15
146,Новосибирск,2020-01-15
147,Новосибирск,2020-01-15
148,Тюмень,2020-01-15
149,Тюмень,2020-01-15
150,Москва,2020-01-15
151,Новосибирск,2020-01-16
152,Москва,2020-01-16
153,Москва,2020-01-16
154,Москва,2020-01-16
155,Новосибирск,2020-01-16
156,Москва,2020-01-16
157,Санкт-Петербург,2020-01-16
158,Новосибирск,2020-01-16
159,Санкт-Петербург,2020-01-16
160,Тюмень,2020-01-16
161,Санкт-Петербург,2020-01-17
162,Новосибирск,2020-01-17
163,Новосибирск,2020-01-17
164,Новосибирск,2020-01-17
165,Москва,2020-01-17
166,Новосибирск,2020-01-17
167,Тюмень,2020-01-17
168,Тюмень,2020-01-17
169,Тюмень,2020-01-17
170,Тюмень,2020-01-17
171,Москва,2020-01-18
172,Тюмень,2020-01-18
173,Москва,2020-01-18
174,Москва,2020-01-18
175,Новосибирск,2020-01-18
176,Новосибирск,2020-01-18
177,Новосибирск,2020-01-18
178,Новосибирск,2020-01-18
179,Москва,2020-01-18
180,Москва,2020-01-18
181,Новосибирск,2020-01-19
182,Москва,2020-01-19
183,Москва,2020-01-19
184,Тюмень,2020-01-19
185,Санкт-Петербург,2020-01-19
186,Санкт-Петербург,2020-01-19
187,Москва,2020-01-19
188,Москва,2020-01-19
189,Новосибирск,2020-01-19
190,Новосибирск,2020-01-19
191,Новосибирск,2020-01-20
192,Новосибирск,2020-01-20
193,Санкт-Петербург,2020-01-20
194,Санкт-Петербург,2020-01-20
195,Тюмень,2020-01-20
196,Москва,2020-01-20
197,Новосибирск,2020-01-20
198,Санкт-Петербург,2020-01-20
199,Новосибирск,2020-01-20
200,Новосибирск,2020-01-20
201,Новосибирск,2020-01-21
202,Москва,2020-01-21
203,Санкт-Петербург,2020-01-21
204,Новосибирск,2020-01-21
205,Санкт-Петербург,2020-01-21
206,Санкт-Петербург,2020-01-21
207,Москва,2020-01-21
208,Новосибирск,2020-01-21
209,Новосибирск,2020-01-21
210,Новосибирск,2020-01-21
211,Санкт-Петербург,2020-01-22
212,Санкт-Петербург,2020-01-22
213,Санкт-Петербург,2020-01-22
214,Тюмень,2020-01-22
215,Новосибирск,2020-01-22
216,Москва,2020-01-22
217,Санкт-Петербург,2020-01-22
218,Тюмень,2020-01-22
219,Москва,2020-01-22
220,Тюмень,2020-01-22
221,Москва,2020-01-23
222,Санкт-Петербург,2020-01-23
223,Санкт-Петербург,2020-01-23
224,Новосибирск,2020-01-23
225,Тюмень,2020-01-23
226,Москва,2020-01-23
227,Москва,2020-01-23
228,Тюмень,2020-01-23
229,Новосибирск,2020-01-23
230,Санкт-Петербург,2020-01-23
231,Новосибирск,2020-01-24
232,Тюмень,2020-01-24
233,Тюмень,2020-01-24
234,Москва,2020-01-24
235,Москва,2020-01-24
236,Тюмень,2020-01-24
237,Новосибирск,2020-01-24
238,Тюмень,2020-01-24
239,Тюмень,2020-01-24
240,Тюмень,2020-01-24
241,Новосибирск,2020-01-25
242,Санкт-Петербург,2020-01-25
243,Санкт-Петербург,2020-01-25
244,Тюмень,2020-01-25
245,Тюмень,2020-01-25
246,Тюмень,2020-01-25
247,Новосибирск,2020-01-25
248,Санкт-Петербург,2020-01-25
249,Тюмень,2020-01-25
250,Москва,2020-01-25
251,Москва,2020-01-26
252,Новосибирск,2020-01-26
253,Санкт-Петербург,2020-01-26
254,Санкт-Петербург,2020-01-26
255,Москва,2020-01-26
256,Санкт-Петербург,2020-01-26
257,Санкт-Петербург,2020-01-26
258,Москва,2020-01-26
259,Санкт-Петербург,2020-01-26
260,Санкт-Петербург,2020-01-26
261,Новосибирск,2020-01-27
262,Новосибирск,2020-01-27
263,Тюмень,2020-01-27
264,Санкт-Петербург,2020-01-27
265,Новосибирск,2020-01-27
266,Тюмень,2020-01-27
267,Тюмень,2020-01-27
268,Тюмень,2020-01-27
269,Москва,2020-01-27
270,Санкт-Петербург,2020-01-27
271,Санкт-Петербург,2020-01-28
272,Новосибирск,2020-01-28
273,Санкт-Петербург,2020-01-28
274,Санкт-Петербург,2020-01-28
275,Тюмень,2020-01-28
276,Новосибирск,2020-01-28
277,Москва,2020-01-28
278,Москва,2020-01-28
279,Новосибирск,2020-01-28
280,Санкт-Петербург,2020-01-28
281,Новосибирск,2020-01-29
282,Санкт-Петербург,2020-01-29
283,Москва,2020-01-29
284,Тюмень,2020-01-29
285,Новосибирск,2020-01-29
286,Тюмень,2020-01-29
287,Санкт-Петербург,2020-01-29
288,Москва,2020-01-29
289,Санкт-Петербург,2020-01-29
290,Новосибирск,2020-01-29
291,Санкт-Петербург,2020-01-30
292,Москва,2020-01-30
293,Новосибирск,2020-01-30
294,Санкт-Петербург,2020-01-30
295,Новосибирск,2020-01-30
296,Москва,2020-01-30
297,Новосибирск,2020-01-30
298,Новосибирск,2020-01-30
299,Санкт-Петербург,2020-01-30
300,Тюмень,2020-01-30
301,Москва,2020-01-31
302,Санкт-Петербург,2020-01-31
303,Тюмень,2020-01-31
304,Новосибирск,2020-01-31
305,Новосибирск,2020-01-31
306,Новосибирск,2020-01-31
307,Санкт-Петербург,2020-01-31
308,Москва,2020-01-31
309,Новосибирск,2020-01-31
310,Тюмень,2020-01-31
311,Тюмень,2020-02-01
312,Санкт-Петербург,2020-02-01
313,Москва,2020-02-01
314,Москва,2020-02-01
315,Новосибирск,2020-02-01
316,Тюмень,2020-02-01
317,Тюмень,2020-02-01
318,Москва,2020-02-01
319,Санкт-Петербург,2020-02-01
320,Москва,2020-02-01
321,Москва,2020-02-02
322,Санкт-Петербург,2020-02-02
323,Новосибирск,2020-02-02
324,Новосибирск,2020-02-02
325,Москва,2020-02-02
326,Новосибирск,2020-02-02
327,Новосибирск,2020-02-02
328,Тюмень,2020-02-02
329,Новосибирск,2020-02-02
330,Новосибирск,2020-02-02
331,Новосибирск,2020-02-03
332,Новосибирск,2020-02-03
333,Санкт-Петербург,2020-02-03
334,Санкт-Петербург,2020-02-03
335,Тюмень,2020-02-03
336,Москва,2020-02-03
337,Тюмень,2020-02-03
338,Тюмень,2020-02-03
339,Тюмень,2020-02-03
340,Новосибирск,2020-02-03
341,Москва,2020-02-04
342,Москва,2020-02-04
343,Санкт-Петербург,2020-02-04
344,Москва,2020-02-04
345,Тюмень,2020-02-04
346,Санкт-Петербург,2020-02-04
347,Тюмень,2020-02-04
348,Новосибирск,2020-02-04
349,Новосибирск,2020-02-04
350,Тюмень,2020-02-04
351,Санкт-Петербург,2020-02-05
352,Москва,2020-02-05
353,Новосибирск,2020-02-05
354,Тюмень,2020-02-05
355,Новосибирск,2020-02-05
356,Москва,2020-02-05
357,Новосибирск,2020-02-05
358,Тюмень,2020-02-05
359,Новосибирск,2020-02-05
360,Новосибирск,2020-02-05
361,Тюмень,2020-02-06
362,Новосибирск,2020-02-06
363,Москва,2020-02-06
364,Тюмень,2020-02-06
365,Тюмень,2020-02-06
366,Москва,2020-02-06
367,Тюмень,2020-02-06
368,Новосибирск,2020-02-06
369,Тюмень,2020-02-06
370,Тюмень,2020-02-06
371,Тюмень,2020-02-07
372,Новосибирск,2020-02-07
373,Новосибирск,2020-02-07
374,Санкт-Петербург,2020-02-07
375,Новосибирск,2020-02-07
376,Санкт-Петербург,2020-02-07
377,Санкт-Петербург,2020-02-07
378,Новосибирск,2020-02-07
379,Тюмень,2020-02-07
380,Новосибирск,2020-02-07
381,Тюмень,2020-02-08
382,Москва,2020-02-08
383,Москва,2020-02-08
384,Новосибирск,2020-02-08
385,Новосибирск,2020-02-08
386,Москва,2020-02-08
387,Тюмень,2020-02-08
388,Тюмень,2020-02-08
389,Тюмень,2020-02-08
390,Новосибирск,2020-02-08
391,Санкт-Петербург,2020-02-09
392,Тюмень,2020-02-09
393,Москва,2020-02-09
394,Москва,2020-02-09
395,Новосибирск,2020-02-09
396,Москва,2020-02-09
397,Санкт-Петербург,2020-02-09
398,Санкт-Петербург,2020-02-09
399,Тюмень,2020-02-09
400,Санкт-Петербург,2020-02-09
401,Тюмень,2020-02-10
402,Новосибирск,2020-02-10
403,Тюмень,2020-02-10
404,Москва,2020-02-10
405,Москва,2020-02-10
406,Санкт-Петербург,2020-02-10
407,Тюмень,2020-02-10
408,Новосибирск,2020-02-10
409,Тюмень,2020-02-10
410,Москва,2020-02-10
411,Тюмень,2020-02-11
412,Новосибирск,2020-02-11
413,Новосибирск,2020-02-11
414,Новосибирск,2020-02-11
415,Москва,2020-02-11
416,Санкт-Петербург,2020-02-11
417,Новосибирск,2020-02-11
418,Москва,2020-02-11
419,Новосибирск,2020-02-11
420,Москва,2020-02-11
421,Тюмень,2020-02-12
422,Новосибирск,2020-02-12
423,Новосибирск,2020-02-12
424,Москва,2020-02-12
425,Тюмень,2020-02-12
426,Тюмень,2020-02-12
427,Санкт-Петербург,2020-02-12
428,Москва,2020-02-12
429,Москва,2020-02-12
430,Новосибирск,2020-02-12
431,Санкт-Петербург,2020-02-13
432,Санкт-Петербург,2020-02-13
433,Тюмень,2020-02-13
434,Санкт-Петербург,2020-02-13
435,Москва,2020-02-13
436,Новосибирск,2020-02-13
437,Санкт-Петербург,2020-02-13
438,Новосибирск,2020-02-13
439,Тюмень,2020-02-13
440,Тюмень,2020-02-13
441,Тюмень,2020-02-14
442,Санкт-Петербург,2020-02-14
443,Тюмень,2020-02-14
444,Санкт-Петербург,2020-02-14
445,Тюмень,2020-02-14
446,Новосибирск,2020-02-14
447,Санкт-Петербург,2020-02-14
448,Москва,2020-02-14
449,Москва,2020-02-14
450,Новосибирск,2020-02-14
451,Санкт-Петербург,2020-02-15
452,Тюмень,2020-02-15
453,Новосибирск,2020-02-15
454,Санкт-Петербург,2020-02-15
455,Тюмень,2020-02-15
456,Москва,2020-02-15
457,Москва,2020-02-15
458,Новосибирск,2020-02-15
459,Москва,2020-02-15
460,Санкт-Петербург,2020-02-15
461,Новосибирск,2020-02-16
462,Тюмень,2020-02-16
463,Санкт-Петербург,2020-02-16
464,Москва,2020-02-16
465,Тюмень,2020-02-16
466,Москва,2020-02-16
467,Тюмень,2020-02-16
468,Тюмень,2020-02-16
469,Тюмень,2020-02-16
470,Тюмень,2020-02-16
471,Новосибирск,2020-02-17
472,Тюмень,2020-02-17
473,Санкт-Петербург,2020-02-17
474,Москва,2020-02-17
475,Новосибирск,2020-02-17
476,Санкт-Петербург,2020-02-17
477,Санкт-Петербург,2020-02-17
478,Новосибирск,2020-02-17
479,Тюмень,2020-02-17
480,Новосибирск,2020-02-17
481,Новосибирск,2020-02-18
482,Тюмень,2020-02-18
483,Москва,2020-02-18
484,Тюмень,2020-02-18
485,Новосибирск,2020-02-18
486,Тюмень,2020-02-18
487,Москва,2020-02-18
488,Санкт-Петербург,2020-02-18
489,Тюмень,2020-02-18
490,Новосибирск,2020-02-18
491,Тюмень,2020-02-19
492,Москва,2020-02-19
493,Новосибирск,2020-02-19
494,Тюмень,2020-02-19
495,Новосибирск,2020-02-19
496,Тюмень,2020-02-19
497,Санкт-Петербург,2020-02-19
498,Санкт-Петербург,2020-02-19
499,Санкт-Петербург,2020-02-19
500,Тюмень,2020-02-19
501,Новосибирск,2020-02-20
502,Санкт-Петербург,2020-02-20
503,Москва,2020-02-20
504,Тюмень,2020-02-20
505,Москва,2020-02-20
506,Москва,2020-02-20
507,Москва,2020-02-20
508,Москва,2020-02-20
509,Москва,2020-02-20
510,Новосибирск,2020-02-20
511,Тюмень,2020-02-21
512,Тюмень,2020-02-21
513,Москва,2020-02-21
514,Москва,2020-02-21
515,Санкт-Петербург,2020-02-21
516,Новосибирск,2020-02-21
517,Новосибирск,2020-02-21
518,Новосибирск,2020-02-21
519,Тюмень,2020-02-21
520,Санкт-Петербург,2020-02-21
521,Тюмень,2020-02-22
522,Москва,2020-02-22
523,Новосибирск,2020-02-22
524,Москва,2020-02-22
525,Санкт-Петербург,2020-02-22
526,Новосибирск,2020-02-22
527,Москва,2020-02-22
528,Тюмень,2020-02-22
529,Санкт-Петербург,2020-02-22
530,Санкт-Петербург,2020-02-22
531,Санкт-Петербург,2020-02-23
532,Тюмень,2020-02-23
533,Санкт-Петербург,2020-02-23
534,Москва,2020-02-23
535,Тюмень,2020-02-23
536,Санкт-Петербург,2020-02-23
537,Тюмень,2020-02-23
538,Новосибирск,2020-02-23
539,Москва,2020-02-23
540,Тюмень,2020-02-23
541,Санкт-Петербург,2020-02-24
542,Новосибирск,2020-02-24
543,Москва,2020-02-24
544,Москва,2020-02-24
545,Москва,2020-02-24
546,Тюмень,2020-02-24
547,Новосибирск,2020-02-24
548,Тюмень,2020-02-24
549,Санкт-Петербург,2020-02-24
550,Тюмень,2020-02-24
551,Новосибирск,2020-02-25
552,Санкт-Петербург,2020-02-25
553,Тюмень,2020-02-25
554,Тюмень,2020-02-25
555,Новосибирск,2020-02-25
556,Новосибирск,2020-02-25
557,Москва,2020-02-25
558,Санкт-Петербург,2020-02-25
559,Новосибирск,2020-02-25
560,Москва,2020-02-25
561,Санкт-Петербург,2020-02-26
562,Тюмень,2020-02-26
563,Санкт-Петербург,2020-02-26
564,Москва,2020-02-26
565,Новосибирск,2020-02-26
566,Новосибирск,2020-02-26
567,Тюмень,2020-02-26
568,Новосибирск,2020-02-26
569,Новосибирск,2020-02-26
570,Москва,2020-02-26
571,Санкт-Петербург,2020-02-27
572,Новосибирск,2020-02-27
573,Санкт-Петербург,2020-02-27
574,Санкт-Петербург,2020-02-27
575,Санкт-Петербург,2020-02-27
576,Санкт-Петербург,2020-02-27
577,Тюмень,2020-02-27
578,Москва,2020-02-27
579,Санкт-Петербург,2020-02-27
580,Тюмень,2020-02-27
581,Санкт-Петербург,2020-02-28
582,Тюмень,2020-02-28
583,Москва,2020-02-28
584,Тюмень,2020-02-28
585,Москва,2020-02-28
586,Новосибирск,2020-02-28
587,Москва,2020-02-28
588,Тюмень,2020-02-28
589,Санкт-Петербург,2020-02-28
590,Москва,2020-02-28
591,Санкт-Петербург,2020-02-29
592,Новосибирск,2020-02-29
593,Санкт-Петербург,2020-02-29
594,Новосибирск,2020-02-29
595,Санкт-Петербург,2020-02-29
596,Санкт-Петербург,2020-02-29
597,Москва,2020-02-29
598,Новосибирск,2020-02-29
599,Новосибирск,2020-02-29
600,Тюмень,2020-02-29
601,Тюмень,2020-03-01
602,Тюмень,2020-03-01
603,Москва,2020-03-01
604,Санкт-Петербург,2020-03-01
605,Тюмень,2020-03-01
606,Тюмень,2020-03-01
607,Санкт-Петербург,2020-03-01
608,Новосибирск,2020-03-01
609,Санкт-Петербург,2020-03-01
610,Новосибирск,2020-03-01
611,Москва,2020-03-02
612,Тюмень,2020-03-02
613,Москва,2020-03-02
614,Санкт-Петербург,2020-03-02
615,Санкт-Петербург,2020-03-02
616,Санкт-Петербург,2020-03-02
617,Санкт-Петербург,2020-03-02
618,Новосибирск,2020-03-02
619,Тюмень,2020-03-02
620,Новосибирск,2020-03-02
621,Тюмень,2020-03-03
622,Москва,2020-03-03
623,Новосибирск,2020-03-03
624,Тюмень,2020-03-03
625,Тюмень,2020-03-03
626,Москва,2020-03-03
627,Тюмень,2020-03-03
628,Санкт-Петербург,2020-03-03
629,Москва,2020-03-03
630,Новосибирск,2020-03-03
631,Новосибирск,2020-03-04
632,Новосибирск,2020-03-04
633,Москва,2020-03-04
634,Санкт-Петербург,2020-03-04
635,Тюмень,2020-03-04
636,Москва,2020-03-04
637,Санкт-Петербург,2020-03-04
638,Тюмень,2020-03-04
639,Санкт-Петербург,2020-03-04
640,Тюмень,2020-03-04
641,Санкт-Петербург,2020-03-05
642,Санкт-Петербург,2020-03-05
643,Новосибирск,2020-03-05
644,Санкт-Петербург,2020-03-05
645,Новосибирск,2020-03-05
646,Новосибирск,2020-03-05
647,Москва,2020-03-05
648,Москва,2020-03-05
649,Москва,2020-03-05
650,Москва,2020-03-05
651,Новосибирск,2020-03-06
652,Москва,2020-03-06
653,Новосибирск,2020-03-06
654,Москва,2020-03-06
655,Тюмень,2020-03-06
656,Санкт-Петербург,2020-03-06
657,Новосибирск,2020-03-06
658,Тюмень,2020-03-06
659,Новосибирск,2020-03-06
660,Новосибирск,2020-03-06
661,Тюмень,2020-03-07
662,Тюмень,2020-03-07
663,Москва,2020-03-07
664,Москва,2020-03-07
665,Москва,2020-03-07
666,Санкт-Петербург,2020-03-07
667,Новосибирск,2020-03-07
668,Москва,2020-03-07
669,Новосибирск,2020-03-07
670,Москва,2020-03-07
671,Санкт-Петербург,2020-03-08
672,Новосибирск,2020-03-08
673,Санкт-Петербург,2020-03-08
674,Тюмень,2020-03-08
675,Новосибирск,2020-03-08
676,Тюмень,2020-03-08
677,Новосибирск,2020-03-08
678,Новосибирск,2020-03-08
679,Новосибирск,2020-03-08
680,Тюмень,2020-03-08
681,Новосибирск,2020-03-09
682,Санкт-Петербург,2020-03-09
683,Новосибирск,2020-03-09
684,Тюмень,2020-03-09
685,Москва,2020-03-09
686,Тюмень,2020-03-09
687,Санкт-Петербург,2020-03-09
688,Новосибирск,2020-03-09
689,Тюмень,2020-03-09
690,Москва,2020-03-09
691,Тюмень,2020-03-10
692,Новосибирск,2020-03-10
693,Новосибирск,2020-03-10
694,Новосибирск,2020-03-10
695,Санкт-Петербург,2020-03-10
696,Новосибирск,2020-03-10
697,Тюмень,2020-03-10
698,Новосибирск,2020-03-10
699,Москва,2020-03-10
700,Новосибирск,2020-03-10
701,Тюмень,2020-03-11
702,Новосибирск,2020-03-11
703,Тюмень,2020-03-11
704,Тюмень,2020-03-11
705,Новосибирск,2020-03-11
706,Тюмень,2020-03-11
707,Москва,2020-03-11
708,Москва,2020-03-11
709,Санкт-Петербург,2020-03-11
710,Новосибирск,2020-03-11
711,Санкт-Петербург,2020-03-12
712,Тюмень,2020-03-12
713,Новосибирск,2020-03-12
714,Новосибирск,2020-03-12
715,Москва,2020-03-12
716,Новосибирск,2020-03-12
717,Новосибирск,2020-03-12
718,Тюмень,2020-03-12
719,Новосибирск,2020-03-12
720,Москва,2020-03-12
721,Тюмень,2020-03-13
722,Москва,2020-03-13
723,Новосибирск,2020-03-13
724,Москва,2020-03-13
725,Москва,2020-03-13
726,Санкт-Петербург,2020-03-13
727,Санкт-Петербург,2020-03-13
728,Санкт-Петербург,2020-03-13
729,Москва,2020-03-13
730,Тюмень,2020-03-13
731,Новосибирск,2020-03-14
732,Санкт-Петербург,2020-03-14
733,Москва,2020-03-14
734,Москва,2020-03-14
735,Тюмень,2020-03-14
736,Москва,2020-03-14
737,Москва,2020-03-14
738,Москва,2020-03-14
739,Москва,2020-03-14
740,Новосибирск,2020-03-14
741,Тюмень,2020-03-15
742,Новосибирск,2020-03-15
743,Москва,2020-03-15
744,Тюмень,2020-03-15
745,Новосибирск,2020-03-15
746,Тюмень,2020-03-15
747,Санкт-Петербург,2020-03-15
748,Тюмень,2020-03-15
749,Москва,2020-03-15
750,Новосибирск,2020-03-15
751,Москва,2020-03-16
752,Москва,2020-03-16
753,Санкт-Петербург,2020-03-16
754,Санкт-Петербург,2020-03-16
755,Тюмень,2020-03-16
756,Санкт-Петербург,2020-03-16
757,Москва,2020-03-16
758,Москва,2020-03-16
759,Новосибирск,2020-03-16
760,Москва,2020-03-16
761,Тюмень,2020-03-17
762,Новосибирск,2020-03-17
763,Тюмень,2020-03-17
764,Новосибирск,2020-03-17
765,Новосибирск,2020-03-17
766,Тюмень,2020-03-17
767,Москва,2020-03-17
768,Санкт-Петербург,2020-03-17
769,Тюмень,2020-03-17
770,Санкт-Петербург,2020-03-17
771,Санкт-Петербург,2020-03-18
772,Новосибирск,2020-03-18
773,Москва,2020-03-18
774,Москва,2020-03-18
775,Тюмень,2020-03-18
776,Москва,2020-03-18
777,Тюмень,2020-03-18
778,Новосибирск,2020-03-18
779,Тюмень,2020-03-18
780,Санкт-Петербург,2020-03-18
781,Новосибирск,2020-03-19
782,Санкт-Петербург,2020-03-19
783,Новосибирск,2020-03-19
784,Тюмень,2020-03-19
785,Москва,2020-03-19
786,Москва,2020-03-19
787,Москва,2020-03-19
788,Москва,2020-03-19
789,Тюмень,2020-03-19
790,Санкт-Петербург,2020-03-19
791,Москва,2020-03-20
792,Тюмень,2020-03-20
793,Тюмень,2020-03-20
794,Санкт-Петербург,2020-03-20
795,Санкт-Петербург,2020-03-20
796,Москва,2020-03-20
797,Москва,2020-03-20
798,Новосибирск,2020-03-20
799,Новосибирск,2020-03-20
800,Тюмень,2020-03-20
801,Новосибирск,2020-03-21
802,Санкт-Петербург,2020-03-21
803,Тюмень,2020-03-21
804,Москва,2020-03-21
805,Новосибирск,2020-03-21
806,Новосибирск,2020-03-21
807,Тюмень,2020-03-21
808,Тюмень,2020-03-21
809,Новосибирск,2020-03-21
810,Тюмень,2020-03-21
811,Новосибирск,2020-03-22
812,Санкт-Петербург,2020-03-22
813,Санкт-Петербург,2020-03-22
814,Новосибирск,2020-03-22
815,Москва,2020-03-22
816,Санкт-Петербург,2020-03-22
817,Тюмень,2020-03-22
818,Тюмень,2020-03-22
819,Новосибирск,2020-03-22
820,Тюмень,2020-03-22
821,Новосибирск,2020-03-23
822,Тюмень,2020-03-23
823,Тюмень,2020-03-23
824,Санкт-Петербург,2020-03-23
825,Тюмень,2020-03-23
826,Новосибирск,2020-03-23
827,Новосибирск,2020-03-23
828,Новосибирск,2020-03-23
829,Москва,2020-03-23
830,Новосибирск,2020-03-23
831,Санкт-Петербург,2020-03-24
832,Тюмень,2020-03-24
833,Санкт-Петербург,2020-03-24
834,Москва,2020-03-24
835,Москва,2020-03-24
836,Новосибирск,2020-03-24
837,Санкт-Петербург,2020-03-24
838,Санкт-Петербург,2020-03-24
839,Санкт-Петербург,2020-03-24
840,Москва,2020-03-24
841,Москва,2020-03-25
842,Тюмень,2020-03-25
843,Тюмень,2020-03-25
844,Москва,2020-03-25
845,Тюмень,2020-03-25
846,Москва,2020-03-25
847,Тюмень,2020-03-25
848,Москва,2020-03-25
849,Тюмень,2020-03-25
850,Новосибирск,2020-03-25
851,Тюмень,2020-03-26
852,Новосибирск,2020-03-26
853,Новосибирск,2020-03-26
854,Санкт-Петербург,2020-03-26
855,Новосибирск,2020-03-26
856,Москва,2020-03-26
857,Санкт-Петербург,2020-03-26
858,Санкт-Петербург,2020-03-26
859,Новосибирск,2020-03-26
860,Санкт-Петербург,2020-03-26
861,Новосибирск,2020-03-27
862,Тюмень,2020-03-27
863,Москва,2020-03-27
864,Тюмень,2020-03-27
865,Москва,2020-03-27
866,Тюмень,2020-03-27
867,Новосибирск,2020-03-27
868,Москва,2020-03-27
869,Тюмень,2020-03-27
870,Москва,2020-03-27
871,Новосибирск,2020-03-28
872,Москва,2020-03-28
873,Новосибирск,2020-03-28
874,Санкт-Петербург,2020-03-28
875,Санкт-Петербург,2020-03-28
876,Москва,2020-03-28
877,Новосибирск,2020-03-28
878,Тюмень,2020-03-28
879,Москва,2020-03-28
880,Новосибирск,2020-03-28
881,Санкт-Петербург,2020-03-29
882,Москва,2020-03-29
883,Новосибирск,2020-03-29
884,Москва,2020-03-29
885,Санкт-Петербург,2020-03-29
886,Санкт-Петербург,2020-03-29
887,Новосибирск,2020-03-29
888,Москва,2020-03-29
889,Москва,2020-03-29
890,Санкт-Петербург,2020-03-29
891,Новосибирск,2020-03-30
892,Москва,2020-03-30
893,Санкт-Петербург,2020-03-30
894,Тюмень,2020-03-30
895,Санкт-Петербург,2020-03-30
896,Санкт-Петербург,2020-03-30
897,Новосибирск,2020-03-30
898,Тюмень,2020-03-30
899,Тюмень,2020-03-30
900,Тюмень,2020-03-30
901,Новосибирск,2020-03-31
902,Тюмень,2020-03-31
903,Тюмень,2020-03-31
904,Санкт-Петербург,2020-03-31
905,Москва,2020-03-31
906,Новосибирск,2020-03-31
907,Москва,2020-03-31
908,Тюмень,2020-03-31
909,Тюмень,2020-03-31
910,Санкт-Петербург,2020-03-31
911,Санкт-Петербург,2020-04-01
912,Тюмень,2020-04-01
913,Санкт-Петербург,2020-04-01
914,Москва,2020-04-01
915,Санкт-Петербург,2020-04-01
916,Санкт-Петербург,2020-04-01
917,Тюмень,2020-04-01
918,Москва,2020-04-01
919,Новосибирск,2020-04-01
920,Санкт-Петербург,2020-04-01
921,Тюмень,2020-04-02
922,Тюмень,2020-04-02
923,Тюмень,2020-04-02
924,Москва,2020-04-02
925,Тюмень,2020-04-02
926,Тюмень,2020-04-02
927,Новосибирск,2020-04-02
928,Санкт-Петербург,2020-04-02
929,Тюмень,2020-04-02
930,Санкт-Петербург,2020-04-02
931,Москва,2020-04-03
932,Новосибирск,2020-04-03
933,Тюмень,2020-04-03
934,Новосибирск,2020-04-03
935,Тюмень,2020-04-03
936,Санкт-Петербург,2020-04-03
937,Санкт-Петербург,2020-04-03
938,Тюмень,2020-04-03
939,Новосибирск,2020-04-03
940,Москва,2020-04-03
941,Москва,2020-04-04
942,Санкт-Петербург,2020-04-04
943,Тюмень,2020-04-04
944,Тюмень,2020-04-04
945,Новосибирск,2020-04-04
946,Тюмень,2020-04-04
947,Москва,2020-04-04
948,Тюмень,2020-04-04
949,Москва,2020-04-04
950,Москва,2020-04-04
951,Тюмень,2020-04-05
952,Санкт-Петербург,2020-04-05
953,Тюмень,2020-04-05
954,Москва,2020-04-05
955,Тюмень,2020-04-05
956,Москва,2020-04-05
957,Новосибирск,2020-04-05
958,Новосибирск,2020-04-05
959,Новосибирск,2020-04-05
960,Санкт-Петербург,2020-04-05
961,Москва,2020-04-06
962,Москва,2020-04-06
963,Москва,2020-04-06
964,Санкт-Петербург,2020-04-06
965,Новосибирск,2020-04-06
966,Санкт-Петербург,2020-04-06
967,Тюмень,2020-04-06
968,Санкт-Петербург,2020-04-06
969,Санкт-Петербург,2020-04-06
970,Тюмень,2020-04-06
971,Санкт-Петербург,2020-04-07
972,Тюмень,2020-04-07
973,Тюмень,2020-04-07
974,Новосибирск,2020-04-07
975,Новосибирск,2020-04-07
976,Санкт-Петербург,2020-04-07
977,Тюмень,2020-04-07
978,Москва,2020-04-07
979,Санкт-Петербург,2020-04-07
980,Санкт-Петербург,2020-04-07
981,Новосибирск,2020-04-08
982,Санкт-Петербург,2020-04-08
983,Новосибирск,2020-04-08
984,Тюмень,2020-04-08
985,Москва,2020-04-08
986,Тюмень,2020-04-08
987,Новосибирск,2020-04-08
988,Тюмень,2020-04-08
989,Москва,2020-04-08
990,Москва,2020-04-08
991,Санкт-Петербург,2020-04-09
992,Новосибирск,2020-04-09
993,Москва,2020-04-09
994,Санкт-Петербург,2020-04-09
995,Москва,2020-04-09
996,Новосибирск,2020-04-09
997,Москва,2020-04-09
998,Новосибирск,2020-04-09
999,Тюмень,2020-04-09
1000,Санкт-Петербург,2020-04-09
1001,Москва,2020-04-10
1002,Новосибирск,2020-04-10
1003,Москва,2020-04-10
1004,Новосибирск,2020-04-10
1005,Тюмень,2020-04-10
1006,Москва,2020-04-10
1007,Москва,2020-04-10
1008,Москва,2020-04-10
1009,Тюмень,2020-04-10
1010,Санкт-Петербург,2020-04-10
1011,Санкт-Петербург,2020-04-11
1012,Москва,2020-04-11
1013,Тюмень,2020-04-11
1014,Тюмень,2020-04-11
1015,Тюмень,2020-04-11
1016,Москва,2020-04-11
1017,Москва,2020-04-11
1018,Тюмень,2020-04-11
1019,Москва,2020-04-11
1020,Санкт-Петербург,2020-04-11
1021,Москва,2020-04-12
1022,Санкт-Петербург,2020-04-12
1023,Санкт-Петербург,2020-04-12
1024,Тюмень,2020-04-12
1025,Тюмень,2020-04-12
1026,Тюмень,2020-04-12
1027,Москва,2020-04-12
1028,Санкт-Петербург,2020-04-12
1029,Москва,2020-04-12
1030,Тюмень,2020-04-12
1031,Москва,2020-04-13
1032,Тюмень,2020-04-13
1033,Санкт-Петербург,2020-04-13
1034,Новосибирск,2020-04-13
1035,Тюмень,2020-04-13
1036,Новосибирск,2020-04-13
1037,Новосибирск,2020-04-13
1038,Тюмень,2020-04-13
1039,Санкт-Петербург,2020-04-13
1040,Москва,2020-04-13
1041,Москва,2020-04-14
1042,Санкт-Петербург,2020-04-14
1043,Москва,2020-04-14
1044,Москва,2020-04-14
1045,Санкт-Петербург,2020-04-14
1046,Новосибирск,2020-04-14
1047,Санкт-Петербург,2020-04-14
1048,Новосибирск,2020-04-14
1049,Санкт-Петербург,2020-04-14
1050,Новосибирск,2020-04-14
1051,Москва,2020-04-15
1052,Москва,2020-04-15
1053,Санкт-Петербург,2020-04-15
1054,Санкт-Петербург,2020-04-15
1055,Тюмень,2020-04-15
1056,Санкт-Петербург,2020-04-15
1057,Тюмень,2020-04-15
1058,Новосибирск,2020-04-15
1059,Москва,2020-04-15
1060,Санкт-Петербург,2020-04-15
1061,Новосибирск,2020-04-16
1062,Москва,2020-04-16
1063,Санкт-Петербург,2020-04-16
1064,Санкт-Петербург,2020-04-16
1065,Новосибирск,2020-04-16
1066,Санкт-Петербург,2020-04-16
1067,Тюмень,2020-04-16
1068,Санкт-Петербург,2020-04-16
1069,Санкт-Петербург,2020-04-16
1070,Тюмень,2020-04-16
1071,Санкт-Петербург,2020-04-17
1072,Москва,2020-04-17
1073,Тюмень,2020-04-17
1074,Санкт-Петербург,2020-04-17
1075,Москва,2020-04-17
1076,Тюмень,2020-04-17
1077,Новосибирск,2020-04-17
1078,Тюмень,2020-04-17
1079,Москва,2020-04-17
1080,Новосибирск,2020-04-17
1081,Новосибирск,2020-04-18
1082,Москва,2020-04-18
1083,Москва,2020-04-18
1084,Тюмень,2020-04-18
1085,Тюмень,2020-04-18
1086,Москва,2020-04-18
1087,Новосибирск,2020-04-18
1088,Новосибирск,2020-04-18
1089,Москва,2020-04-18
1090,Тюмень,2020-04-18
1091,Тюмень,2020-04-19
1092,Тюмень,2020-04-19
1093,Москва,2020-04-19
1094,Москва,2020-04-19
1095,Тюмень,2020-04-19
1096,Тюмень,2020-04-19
1097,Тюмень,2020-04-19
1098,Тюмень,2020-04-19
1099,Санкт-Петербург,2020-04-19
1100,Москва,2020-04-19
1101,Новосибирск,2020-04-20
1102,Тюмень,2020-04-20
1103,Санкт-Петербург,2020-04-20
1104,Санкт-Петербург,2020-04-20
1105,Москва,2020-04-20
1106,Санкт-Петербург,2020-04-20
1107,Санкт-Петербург,2020-04-20
1108,Москва,2020-04-20
1109,Москва,2020-04-20
1110,Санкт-Петербург,2020-04-20
1111,Санкт-Петербург,2020-04-21
1112,Санкт-Петербург,2020-04-21
1113,Новосибирск,2020-04-21
1114,Тюмень,2020-04-21
1115,Москва,2020-04-21
1116,Тюмень,2020-04-21
1117,Тюмень,2020-04-21
1118,Новосибирск,2020-04-21
1119,Новосибирск,2020-04-21
1120,Москва,2020-04-21
1121,Новосибирск,2020-04-22
1122,Тюмень,2020-04-22
1123,Москва,2020-04-22
1124,Москва,2020-04-22
1125,Тюмень,2020-04-22
1126,Тюмень,2020-04-22
1127,Тюмень,2020-04-22
1128,Новосибирск,2020-04-22
1129,Тюмень,2020-04-22
1130,Тюмень,2020-04-22
1131,Новосибирск,2020-04-23
1132,Санкт-Петербург,2020-04-23
1133,Новосибирск,2020-04-23
1134,Новосибирск,2020-04-23
1135,Тюмень,2020-04-23
1136,Санкт-Петербург,2020-04-23
1137,Санкт-Петербург,2020-04-23
1138,Санкт-Петербург,2020-04-23
1139,Новосибирск,2020-04-23
1140,Санкт-Петербург,2020-04-23
1141,Москва,2020-04-24
1142,Санкт-Петербург,2020-04-24
1143,Москва,2020-04-24
1144,Санкт-Петербург,2020-04-24
1145,Тюмень,2020-04-24
1146,Тюмень,2020-04-24
1147,Новосибирск,2020-04-24
1148,Тюмень,2020-04-24
1149,Москва,2020-04-24
1150,Москва,2020-04-24
1151,Тюмень,2020-04-25
1152,Санкт-Петербург,2020-04-25
1153,Санкт-Петербург,2020-04-25
1154,Санкт-Петербург,2020-04-25
1155,Новосибирск,2020-04-25
1156,Тюмень,2020-04-25
1157,Тюмень,2020-04-25
1158,Тюмень,2020-04-25
1159,Новосибирск,2020-04-25
1160,Тюмень,2020-04-25
1161,Москва,2020-04-26
1162,Новосибирск,2020-04-26
1163,Москва,2020-04-26
1164,Санкт-Петербург,2020-04-26
1165,Москва,2020-04-26
1166,Новосибирск,2020-04-26
1167,Москва,2020-04-26
1168,Москва,2020-04-26
1169,Москва,2020-04-26
1170,Санкт-Петербург,2020-04-26
1171,Москва,2020-04-27
1172,Москва,2020-04-27
1173,Новосибирск,2020-04-27
1174,Тюмень,2020-04-27
1175,Новосибирск,2020-04-27
1176,Санкт-Петербург,2020-04-27
1177,Новосибирск,2020-04-27
1178,Москва,2020-04-27
1179,Новосибирск,2020-04-27
1180,Москва,2020-04-27
1181,Новосибирск,2020-04-28
1182,Москва,2020-04-28
1183,Москва,2020-04-28
1184,Тюмень,2020-04-28
1185,Санкт-Петербург,2020-04-28
1186,Москва,2020-04-28
1187,Санкт-Петербург,2020-04-28
1188,Новосибирск,2020-04-28
1189,Москва,2020-04-28
1190,Санкт-Петербург,2020-04-28
1191,Москва,2020-04-29
1192,Санкт-Петербург,2020-04-29
1193,Новосибирск,2020-04-29
1194,Новосибирск,2020-04-29
1195,Новосибирск,2020-04-29
1196,Москва,2020-04-29
1197,Тюмень,2020-04-29
1198,Новосибирск,2020-04-29
1199,Новосибирск,2020-04-29
1200,Москва,2020-04-29
1201,Москва,2020-04-30
1202,Новосибирск,2020-04-30
1203,Санкт-Петербург,2020-04-30
1204,Санкт-Петербург,2020-04-30
1205,Тюмень,2020-04-30
1206,Новосибирск,2020-04-30
1207,Москва,2020-04-30
1208,Новосибирск,2020-04-30
1209,Москва,2020-04-30
1210,Санкт-Петербург,2020-04-30
1211,Новосибирск,2020-05-01
1212,Новосибирск,2020-05-01
1213,Тюмень,2020-05-01
1214,Новосибирск,2020-05-01
1215,Тюмень,2020-05-01
1216,Москва,2020-05-01
1217,Новосибирск,2020-05-01
1218,Тюмень,2020-05-01
1219,Москва,2020-05-01
1220,Тюмень,2020-05-01
1221,Москва,2020-05-02
1222,Санкт-Петербург,2020-05-02
1223,Тюмень,2020-05-02
1224,Санкт-Петербург,2020-05-02
1225,Москва,2020-05-02
1226,Тюмень,2020-05-02
1227,Тюмень,2020-05-02
1228,Новосибирск,2020-05-02
1229,Новосибирск,2020-05-02
1230,Тюмень,2020-05-02
1231,Тюмень,2020-05-03
1232,Тюмень,2020-05-03
1233,Санкт-Петербург,2020-05-03
1234,Москва,2020-05-03
1235,Санкт-Петербург,2020-05-03
1236,Тюмень,2020-05-03
1237,Новосибирск,2020-05-03
1238,Тюмень,2020-05-03
1239,Тюмень,2020-05-03
1240,Москва,2020-05-03
1241,Новосибирск,2020-05-04
1242,Москва,2020-05-04
1243,Тюмень,2020-05-04
1244,Санкт-Петербург,2020-05-04
1245,Москва,2020-05-04
1246,Санкт-Петербург,2020-05-04
1247,Москва,2020-05-04
1248,Тюмень,2020-05-04
1249,Тюмень,2020-05-04
1250,Новосибирск,2020-05-04
1251,Тюмень,2020-05-05
1252,Москва,2020-05-05
1253,Москва,2020-05-05
1254,Тюмень,2020-05-05
1255,Новосибирск,2020-05-05
1256,Москва,2020-05-05
1257,Москва,2020-05-05
1258,Новосибирск,2020-05-05
1259,Санкт-Петербург,2020-05-05
1260,Санкт-Петербург,2020-05-05
1261,Новосибирск,2020-05-06
1262,Тюмень,2020-05-06
1263,Тюмень,2020-05-06
1264,Санкт-Петербург,2020-05-06
1265,Санкт-Петербург,2020-05-06
1266,Тюмень,2020-05-06
1267,Москва,2020-05-06
1268,Новосибирск,2020-05-06
1269,Новосибирск,2020-05-06
1270,Тюмень,2020-05-06
1271,Тюмень,2020-05-07
1272,Тюмень,2020-05-07
1273,Тюмень,2020-05-07
1274,Москва,2020-05-07
1275,Москва,2020-05-07
1276,Санкт-Петербург,2020-05-07
1277,Новосибирск,2020-05-07
1278,Санкт-Петербург,2020-05-07
1279,Новосибирск,2020-05-07
1280,Тюмень,2020-05-07
1281,Санкт-Петербург,2020-05-08
1282,Новосибирск,2020-05-08
1283,Тюмень,2020-05-08
1284,Тюмень,2020-05-08
1285,Москва,2020-05-08
1286,Тюмень,2020-05-08
1287,Санкт-Петербург,2020-05-08
1288,Тюмень,2020-05-08
1289,Санкт-Петербург,2020-05-08
1290,Москва,2020-05-08
1291,Тюмень,2020-05-09
1292,Новосибирск,2020-05-09
1293,Санкт-Петербург,2020-05-09
1294,Тюмень,2020-05-09
1295,Санкт-Петербург,2020-05-09
1296,Санкт-Петербург,2020-05-09
1297,Новосибирск,2020-05-09
1298,Новосибирск,2020-05-09
1299,Москва,2020-05-09
1300,Москва,2020-05-09
1301,Санкт-Петербург,2020-05-10
1302,Санкт-Петербург,2020-05-10
1303,Новосибирск,2020-05-10
1304,Новосибирск,2020-05-10
1305,Новосибирск,2020-05-10
1306,Санкт-Петербург,2020-05-10
1307,Москва,2020-05-10
1308,Новосибирск,2020-05-10
1309,Москва,2020-05-10
1310,Новосибирск,2020-05-10
1311,Москва,2020-05-11
1312,Москва,2020-05-11
1313,Санкт-Петербург,2020-05-11
1314,Санкт-Петербург,2020-05-11
1315,Санкт-Петербург,2020-05-11
1316,Новосибирск,2020-05-11
1317,Санкт-Петербург,2020-05-11
1318,Новосибирск,2020-05-11
1319,Тюмень,2020-05-11
1320,Санкт-Петербург,2020-05-11
1321,Новосибирск,2020-05-12
1322,Москва,2020-05-12
1323,Москва,2020-05-12
1324,Новосибирск,2020-05-12
1325,Новосибирск,2020-05-12
1326,Москва,2020-05-12
1327,Санкт-Петербург,2020-05-12
1328,Новосибирск,2020-05-12
1329,Новосибирск,2020-05-12
1330,Тюмень,2020-05-12
1331,Тюмень,2020-05-13
1332,Тюмень,2020-05-13
1333,Тюмень,2020-05-13
1334,Санкт-Петербург,2020-05-13
1335,Санкт-Петербург,2020-05-13
1336,Новосибирск,2020-05-13
1337,Москва,2020-05-13
1338,Москва,2020-05-13
1339,Москва,2020-05-13
1340,Санкт-Петербург,2020-05-13
1341,Тюмень,2020-05-14
1342,Санкт-Петербург,2020-05-14
1343,Санкт-Петербург,2020-05-14
1344,Тюмень,2020-05-14
1345,Санкт-Петербург,2020-05-14
1346,Новосибирск,2020-05-14
1347,Москва,2020-05-14
1348,Москва,2020-05-14
1349,Санкт-Петербург,2020-05-14
1350,Тюмень,2020-05-14
1351,Москва,2020-05-15
1352,Москва,2020-05-15
1353,Тюмень,2020-05-15
1354,Тюмень,2020-05-15
1355,Новосибирск,2020-05-15
1356,Тюмень,2020-05-15
1357,Санкт-Петербург,2020-05-15
1358,Москва,2020-05-15
1359,Тюмень,2020-05-15
1360,Тюмень,2020-05-15
1361,Москва,2020-05-16
1362,Санкт-Петербург,2020-05-16
1363,Санкт-Петербург,2020-05-16
1364,Тюмень,2020-05-16
1365,Тюмень,2020-05-16
1366,Санкт-Петербург,2020-05-16
1367,Тюмень,2020-05-16
1368,Санкт-Петербург,2020-05-16
1369,Санкт-Петербург,2020-05-16
1370,Новосибирск,2020-05-16
1371,Санкт-Петербург,2020-05-17
1372,Москва,2020-05-17
1373,Новосибирск,2020-05-17
1374,Санкт-Петербург,2020-05-17
1375,Новосибирск,2020-05-17
1376,Новосибирск,2020-05-17
1377,Тюмень,2020-05-17
1378,Тюмень,2020-05-17
1379,Новосибирск,2020-05-17
1380,Санкт-Петербург,2020-05-17
1381,Москва,2020-05-18
1382,Новосибирск,2020-05-18
1383,Тюмень,2020-05-18
1384,Тюмень,2020-05-18
1385,Тюмень,2020-05-18
1386,Санкт-Петербург,2020-05-18
1387,Тюмень,2020-05-18
1388,Санкт-Петербург,2020-05-18
1389,Санкт-Петербург,2020-05-18
1390,Новосибирск,2020-05-18
1391,Москва,2020-05-19
1392,Новосибирск,2020-05-19
1393,Санкт-Петербург,2020-05-19
1394,Москва,2020-05-19
1395,Тюмень,2020-05-19
1396,Санкт-Петербург,2020-05-19
1397,Тюмень,2020-05-19
1398,Новосибирск,2020-05-19
1399,Новосибирск,2020-05-19
1400,Санкт-Петербург,2020-05-19
1401,Санкт-Петербург,2020-05-20
1402,Москва,2020-05-20
1403,Санкт-Петербург,2020-05-20
1404,Тюмень,2020-05-20
1405,Новосибирск,2020-05-20
1406,Москва,2020-05-20
1407,Москва,2020-05-20
1408,Санкт-Петербург,2020-05-20
1409,Санкт-Петербург,2020-05-20
1410,Новосибирск,2020-05-20
1411,Тюмень,2020-05-21
1412,Новосибирск,2020-05-21
1413,Москва,2020-05-21
1414,Тюмень,2020-05-21
1415,Тюмень,2020-05-21
1416,Новосибирск,2020-05-21
1417,Тюмень,2020-05-21
1418,Тюмень,2020-05-21
1419,Новосибирск,2020-05-21
1420,Тюмень,2020-05-21
1421,Москва,2020-05-22
1422,Санкт-Петербург,2020-05-22
1423,Москва,2020-05-22
1424,Тюмень,2020-05-22
1425,Москва,2020-05-22
1426,Тюмень,2020-05-22
1427,Тюмень,2020-05-22
1428,Тюмень,2020-05-22
1429,Новосибирск,2020-05-22
1430,Новосибирск,2020-05-22
1431,Санкт-Петербург,2020-05-23
1432,Тюмень,2020-05-23
1433,Москва,2020-05-23
1434,Тюмень,2020-05-23
1435,Новосибирск,2020-05-23
1436,Тюмень,2020-05-23
1437,Новосибирск,2020-05-23
1438,Санкт-Петербург,2020-05-23
1439,Новосибирск,2020-05-23
1440,Санкт-Петербург,2020-05-23
1441,Санкт-Петербург,2020-05-24
1442,Москва,2020-05-24
1443,Новосибирск,2020-05-24
1444,Москва,2020-05-24
1445,Тюмень,2020-05-24
1446,Санкт-Петербург,2020-05-24
1447,Санкт-Петербург,2020-05-24
1448,Тюмень,2020-05-24
1449,Москва,2020-05-24
1450,Новосибирск,2020-05-24
1451,Москва,2020-05-25
1452,Санкт-Петербург,2020-05-25
1453,Санкт-Петербург,2020-05-25
1454,Москва,2020-05-25
1455,Тюмень,2020-05-25
1456,Москва,2020-05-25
1457,Тюмень,2020-05-25
1458,Новосибирск,2020-05-25
1459,Москва,2020-05-25
1460,Тюмень,2020-05-25
1461,Новосибирск,2020-05-26
1462,Новосибирск,2020-05-26
1463,Новосибирск,2020-05-26
1464,Москва,2020-05-26
1465,Москва,2020-05-26
1466,Тюмень,2020-05-26
1467,Тюмень,2020-05-26
1468,Санкт-Петербург,2020-05-26
1469,Москва,2020-05-26
1470,Новосибирск,2020-05-26
1471,Санкт-Петербург,2020-05-27
1472,Новосибирск,2020-05-27
1473,Новосибирск,2020-05-27
1474,Тюмень,2020-05-27
1475,Новосибирск,2020-05-27
1476,Москва,2020-05-27
1477,Санкт-Петербург,2020-05-27
1478,Москва,2020-05-27
1479,Новосибирск,2020-05-27
1480,Санкт-Петербург,2020-05-27
1481,Тюмень,2020-05-28
1482,Санкт-Петербург,2020-05-28
1483,Санкт-Петербург,2020-05-28
1484,Москва,2020-05-28
1485,Новосибирск,2020-05-28
1486,Тюмень,2020-05-28
1487,Новосибирск,2020-05-28
1488,Санкт-Петербург,2020-05-28
1489,Новосибирск,2020-05-28
1490,Тюмень,2020-05-28
1491,Тюмень,2020-05-29
1492,Москва,2020-05-29
1493,Новосибирск,2020-05-29
1494,Тюмень,2020-05-29
1495,Новосибирск,2020-05-29
1496,Санкт-Петербург,2020-05-29
1497,Тюмень,2020-05-29
1498,Санкт-Петербург,2020-05-29
1499,Санкт-Петербург,2020-05-29
1500,Новосибирск,2020-05-29
1501,Санкт-Петербург,2020-05-30
1502,Москва,2020-05-30
1503,Москва,2020-05-30
1504,Новосибирск,2020-05-30
1505,Тюмень,2020-05-30
1506,Новосибирск,2020-05-30
1507,Санкт-Петербург,2020-05-30
1508,Москва,2020-05-30
1509,Новосибирск,2020-05-30
1510,Санкт-Петербург,2020-05-30
1511,Санкт-Петербург,2020-05-31
1512,Тюмень,2020-05-31
1513,Санкт-Петербург,2020-05-31
1514,Новосибирск,2020-05-31
1515,Новосибирск,2020-05-31
1516,Новосибирск,2020-05-31
1517,Санкт-Петербург,2020-05-31
1518,Тюмень,2020-05-31
1519,Москва,2020-05-31
1520,Тюмень,2020-05-31
1521,Санкт-Петербург,2020-06-01
1522,Тюмень,2020-06-01
1523,Новосибирск,2020-06-01
1524,Санкт-Петербург,2020-06-01
1525,Тюмень,2020-06-01
1526,Новосибирск,2020-06-01
1527,Тюмень,2020-06-01
1528,Санкт-Петербург,2020-06-01
1529,Санкт-Петербург,2020-06-01
1530,Новосибирск,2020-06-01
1531,Тюмень,2020-06-02
1532,Москва,2020-06-02
1533,Санкт-Петербург,2020-06-02
1534,Санкт-Петербург,2020-06-02
1535,Новосибирск,2020-06-02
1536,Новосибирск,2020-06-02
1537,Тюмень,2020-06-02
1538,Москва,2020-06-02
1539,Санкт-Петербург,2020-06-02
1540,Санкт-Петербург,2020-06-02
1541,Тюмень,2020-06-03
1542,Тюмень,2020-06-03
1543,Санкт-Петербург,2020-06-03
1544,Тюмень,2020-06-03
1545,Новосибирск,2020-06-03
1546,Санкт-Петербург,2020-06-03
1547,Москва,2020-06-03
1548,Тюмень,2020-06-03
1549,Тюмень,2020-06-03
1550,Новосибирск,2020-06-03
1551,Москва,2020-06-04
1552,Санкт-Петербург,2020-06-04
1553,Новосибирск,2020-06-04
1554,Тюмень,2020-06-04
1555,Тюмень,2020-06-04
1556,Москва,2020-06-04
1557,Тюмень,2020-06-04
1558,Санкт-Петербург,2020-06-04
1559,Санкт-Петербург,2020-06-04
1560,Новосибирск,2020-06-04
1561,Санкт-Петербург,2020-06-05
1562,Тюмень,2020-06-05
1563,Москва,2020-06-05
1564,Новосибирск,2020-06-05
1565,Новосибирск,2020-06-05
1566,Новосибирск,2020-06-05
1567,Тюмень,2020-06-05
1568,Санкт-Петербург,2020-06-05
1569,Тюмень,2020-06-05
1570,Новосибирск,2020-06-05
1571,Новосибирск,2020-06-06
1572,Новосибирск,2020-06-06
1573,Санкт-Петербург,2020-06-06
1574,Москва,2020-06-06
1575,Санкт-Петербург,2020-06-06
1576,Москва,2020-06-06
1577,Москва,2020-06-06
1578,Тюмень,2020-06-06
1579,Санкт-Петербург,2020-06-06
1580,Тюмень,2020-06-06
1581,Москва,2020-06-07
1582,Москва,2020-06-07
1583,Москва,2020-06-07
1584,Тюмень,2020-06-07
1585,Тюмень,2020-06-07
1586,Тюмень,2020-06-07
1587,Санкт-Петербург,2020-06-07
1588,Новосибирск,2020-06-07
1589,Тюмень,2020-06-07
1590,Санкт-Петербург,2020-06-07
1591,Тюмень,2020-06-08
1592,Москва,2020-06-08
1593,Москва,2020-06-08
1594,Москва,2020-06-08
1595,Москва,2020-06-08
1596,Москва,2020-06-08
1597,Москва,2020-06-08
1598,Тюмень,2020-06-08
1599,Москва,2020-06-08
1600,Новосибирск,2020-06-08
1601,Санкт-Петербург,2020-06-09
1602,Новосибирск,2020-06-09
1603,Санкт-Петербург,2020-06-09
1604,Тюмень,2020-06-09
1605,Санкт-Петербург,2020-06-09
1606,Новосибирск,2020-06-09
1607,Москва,2020-06-09
1608,Тюмень,2020-06-09
1609,Санкт-Петербург,2020-06-09
1610,Москва,2020-06-09
1611,Новосибирск,2020-06-10
1612,Москва,2020-06-10
1613,Москва,2020-06-10
1614,Москва,2020-06-10
1615,Москва,2020-06-10
1616,Санкт-Петербург,2020-06-10
1617,Новосибирск,2020-06-10
1618,Санкт-Петербург,2020-06-10
1619,Санкт-Петербург,2020-06-10
1620,Новосибирск,2020-06-10
1621,Тюмень,2020-06-11
1622,Тюмень,2020-06-11
1623,Тюмень,2020-06-11
1624,Москва,2020-06-11
1625,Санкт-Петербург,2020-06-11
1626,Тюмень,2020-06-11
1627,Санкт-Петербург,2020-06-11
1628,Москва,2020-06-11
1629,Москва,2020-06-11
1630,Москва,2020-06-11
1631,Тюмень,2020-06-12
1632,Санкт-Петербург,2020-06-12
1633,Тюмень,2020-06-12
1634,Тюмень,2020-06-12
1635,Тюмень,2020-06-12
1636,Тюмень,2020-06-12
1637,Новосибирск,2020-06-12
1638,Новосибирск,2020-06-12
1639,Новосибирск,2020-06-12
1640,Тюмень,2020-06-12
1641,Санкт-Петербург,2020-06-13
1642,Москва,2020-06-13
1643,Москва,2020-06-13
1644,Тюмень,2020-06-13
1645,Санкт-Петербург,2020-06-13
1646,Санкт-Петербург,2020-06-13
1647,Москва,2020-06-13
1648,Новосибирск,2020-06-13
1649,Тюмень,2020-06-13
1650,Тюмень,2020-06-13
1651,Новосибирск,2020-06-14
1652,Новосибирск,2020-06-14
1653,Новосибирск,2020-06-14
1654,Санкт-Петербург,2020-06-14
1655,Санкт-Петербург,2020-06-14
1656,Москва,2020-06-14
1657,Санкт-Петербург,2020-06-14
1658,Новосибирск,2020-06-14
1659,Новосибирск,2020-06-14
1660,Санкт-Петербург,2020-06-14
1661,Тюмень,2020-06-15
1662,Тюмень,2020-06-15
1663,Москва,2020-06-15
1664,Тюмень,2020-06-15
1665,Тюмень,2020-06-15
1666,Санкт-Петербург,2020-06-15
1667,Москва,2020-06-15
1668,Тюмень,2020-06-15
1669,Москва,2020-06-15
1670,Москва,2020-06-15
1671,Тюмень,2020-06-16
1672,Тюмень,2020-06-16
1673,Тюмень,2020-06-16
1674,Москва,2020-06-16
1675,Новосибирск,2020-06-16
1676,Москва,2020-06-16
1677,Москва,2020-06-16
1678,Новосибирск,2020-06-16
1679,Тюмень,2020-06-16
1680,Тюмень,2020-06-16
1681,Москва,2020-06-17
1682,Москва,2020-06-17
1683,Новосибирск,2020-06-17
1684,Тюмень,2020-06-17
1685,Тюмень,2020-06-17
1686,Тюмень,2020-06-17
1687,Москва,2020-06-17
1688,Москва,2020-06-17
1689,Новосибирск,2020-06-17
1690,Новосибирск,2020-06-17
1691,Новосибирск,2020-06-18
1692,Новосибирск,2020-06-18
1693,Новосибирск,2020-06-18
1694,Санкт-Петербург,2020-06-18
1695,Санкт-Петербург,2020-06-18
1696,Тюмень,2020-06-18
1697,Новосибирск,2020-06-18
1698,Тюмень,2020-06-18
1699,Тюмень,2020-06-18
1700,Тюмень,2020-06-18
1701,Тюмень,2020-06-19
1702,Новосибирск,2020-06-19
1703,Новосибирск,2020-06-19
1704,Москва,2020-06-19
1705,Москва,2020-06-19
1706,Санкт-Петербург,2020-06-19
1707,Новосибирск,2020-06-19
1708,Тюмень,2020-06-19
1709,Санкт-Петербург,2020-06-19
1710,Новосибирск,2020-06-19
1711,Москва,2020-06-20
1712,Санкт-Петербург,2020-06-20
1713,Санкт-Петербург,2020-06-20
1714,Новосибирск,2020-06-20
1715,Тюмень,2020-06-20
1716,Новосибирск,2020-06-20
1717,Санкт-Петербург,2020-06-20
1718,Санкт-Петербург,2020-06-20
1719,Тюмень,2020-06-20
1720,Санкт-Петербург,2020-06-20
1721,Тюмень,2020-06-21
1722,Тюмень,2020-06-21
1723,Новосибирск,2020-06-21
1724,Тюмень,2020-06-21
1725,Тюмень,2020-06-21
1726,Санкт-Петербург,2020-06-21
1727,Новосибирск,2020-06-21
1728,Москва,2020-06-21
1729,Санкт-Петербург,2020-06-21
1730,Москва,2020-06-21
1731,Новосибирск,2020-06-22
1732,Москва,2020-06-22
1733,Новосибирск,2020-06-22
1734,Тюмень,2020-06-22
1735,Москва,2020-06-22
1736,Тюмень,2020-06-22
1737,Новосибирск,2020-06-22
1738,Москва,2020-06-22
1739,Тюмень,2020-06-22
1740,Тюмень,2020-06-22
1741,Тюмень,2020-06-23
1742,Санкт-Петербург,2020-06-23
1743,Новосибирск,2020-06-23
1744,Новосибирск,2020-06-23
1745,Москва,2020-06-23
1746,Тюмень,2020-06-23
1747,Тюмень,2020-06-23
1748,Санкт-Петербург,2020-06-23
1749,Москва,2020-06-23
1750,Тюмень,2020-06-23
1751,Москва,2020-06-24
1752,Новосибирск,2020-06-24
1753,Санкт-Петербург,2020-06-24
1754,Новосибирск,2020-06-24
1755,Москва,2020-06-24
1756,Новосибирск,2020-06-24
1757,Санкт-Петербург,2020-06-24
1758,Санкт-Петербург,2020-06-24
1759,Тюмень,2020-06-24
1760,Тюмень,2020-06-24
1761,Новосибирск,2020-06-25
1762,Москва,2020-06-25
1763,Москва,2020-06-25
1764,Новосибирск,2020-06-25
1765,Тюмень,2020-06-25
1766,Санкт-Петербург,2020-06-25
1767,Москва,2020-06-25
1768,Новосибирск,2020-06-25
1769,Новосибирск,2020-06-25
1770,Санкт-Петербург,2020-06-25
1771,Москва,2020-06-26
1772,Москва,2020-06-26
1773,Новосибирск,2020-06-26
1774,Москва,2020-06-26
1775,Санкт-Петербург,2020-06-26
1776,Санкт-Петербург,2020-06-26
1777,Санкт-Петербург,2020-06-26
1778,Москва,2020-06-26
1779,Москва,2020-06-26
1780,Москва,2020-06-26
1781,Москва,2020-06-27
1782,Санкт-Петербург,2020-06-27
1783,Москва,2020-06-27
1784,Санкт-Петербург,2020-06-27
1785,Тюмень,2020-06-27
1786,Москва,2020-06-27
1787,Новосибирск,2020-06-27
1788,Новосибирск,2020-06-27
1789,Санкт-Петербург,2020-06-27
1790,Новосибирск,2020-06-27
1791,Тюмень,2020-06-28
1792,Москва,2020-06-28
1793,Новосибирск,2020-06-28
1794,Новосибирск,2020-06-28
1795,Тюмень,2020-06-28
1796,Москва,2020-06-28
1797,Санкт-Петербург,2020-06-28
1798,Тюмень,2020-06-28
1799,Тюмень,2020-06-28
1800,Санкт-Петербург,2020-06-28
1801,Новосибирск,2020-06-29
1802,Новосибирск,2020-06-29
1803,Новосибирск,2020-06-29
1804,Тюмень,2020-06-29
1805,Москва,2020-06-29
1806,Москва,2020-06-29
1807,Санкт-Петербург,2020-06-29
1808,Москва,2020-06-29
1809,Новосибирск,2020-06-29
1810,Санкт-Петербург,2020-06-29
1811,Новосибирск,2020-06-30
1812,Москва,2020-06-30
1813,Санкт-Петербург,2020-06-30
1814,Санкт-Петербург,2020-06-30
1815,Новосибирск,2020-06-30
1816,Санкт-Петербург,2020-06-30
1817,Москва,2020-06-30
1818,Новосибирск,2020-06-30
1819,Новосибирск,2020-06-30
1820,Санкт-Петербург,2020-06-30
1821,Тюмень,2020-07-01
1822,Тюмень,2020-07-01
1823,Санкт-Петербург,2020-07-01
1824,Тюмень,2020-07-01
1825,Тюмень,2020-07-01
1826,Тюмень,2020-07-01
1827,Тюмень,2020-07-01
1828,Санкт-Петербург,2020-07-01
1829,Новосибирск,2020-07-01
1830,Москва,2020-07-01
1831,Санкт-Петербург,2020-07-02
1832,Санкт-Петербург,2020-07-02
1833,Новосибирск,2020-07-02
1834,Санкт-Петербург,2020-07-02
1835,Москва,2020-07-02
1836,Тюмень,2020-07-02
1837,Новосибирск,2020-07-02
1838,Санкт-Петербург,2020-07-02
1839,Новосибирск,2020-07-02
1840,Новосибирск,2020-07-02
1841,Тюмень,2020-07-03
1842,Санкт-Петербург,2020-07-03
1843,Новосибирск,2020-07-03
1844,Новосибирск,2020-07-03
1845,Санкт-Петербург,2020-07-03
1846,Новосибирск,2020-07-03
1847,Тюмень,2020-07-03
1848,Санкт-Петербург,2020-07-03
1849,Тюмень,2020-07-03
1850,Санкт-Петербург,2020-07-03
1851,Москва,2020-07-04
1852,Санкт-Петербург,2020-07-04
1853,Новосибирск,2020-07-04
1854,Москва,2020-07-04
1855,Новосибирск,2020-07-04
1856,Санкт-Петербург,2020-07-04
1857,Новосибирск,2020-07-04
1858,Москва,2020-07-04
1859,Новосибирск,2020-07-04
1860,Тюмень,2020-07-04
1861,Москва,2020-07-05
1862,Санкт-Петербург,2020-07-05
1863,Санкт-Петербург,2020-07-05
1864,Новосибирск,2020-07-05
1865,Новосибирск,2020-07-05
1866,Санкт-Петербург,2020-07-05
1867,Москва,2020-07-05
1868,Новосибирск,2020-07-05
1869,Санкт-Петербург,2020-07-05
1870,Москва,2020-07-05
1871,Москва,2020-07-06
1872,Санкт-Петербург,2020-07-06
1873,Санкт-Петербург,2020-07-06
1874,Москва,2020-07-06
1875,Тюмень,2020-07-06
1876,Москва,2020-07-06
1877,Новосибирск,2020-07-06
1878,Санкт-Петербург,2020-07-06
1879,Тюмень,2020-07-06
1880,Санкт-Петербург,2020-07-06
1881,Новосибирск,2020-07-07
1882,Новосибирск,2020-07-07
1883,Санкт-Петербург,2020-07-07
1884,Новосибирск,2020-07-07
1885,Новосибирск,2020-07-07
1886,Новосибирск,2020-07-07
1887,Москва,2020-07-07
1888,Тюмень,2020-07-07
1889,Москва,2020-07-07
1890,Тюмень,2020-07-07
1891,Санкт-Петербург,2020-07-08
1892,Санкт-Петербург,2020-07-08
1893,Санкт-Петербург,2020-07-08
1894,Тюмень,2020-07-08
1895,Санкт-Петербург,2020-07-08
1896,Новосибирск,2020-07-08
1897,Новосибирск,2020-07-08
1898,Новосибирск,2020-07-08
1899,Новосибирск,2020-07-08
1900,Новосибирск,2020-07-08
1901,Москва,2020-07-09
1902,Тюмень,2020-07-09
1903,Новосибирск,2020-07-09
1904,Санкт-Петербург,2020-07-09
1905,Новосибирск,2020-07-09
1906,Тюмень,2020-07-09
1907,Москва,2020-07-09
1908,Санкт-Петербург,2020-07-09
1909,Москва,2020-07-09
1910,Тюмень,2020-07-09
1911,Москва,2020-07-10
1912,Санкт-Петербург,2020-07-10
1913,Тюмень,2020-07-10
1914,Санкт-Петербург,2020-07-10
1915,Тюмень,2020-07-10
1916,Тюмень,2020-07-10
1917,Санкт-Петербург,2020-07-10
1918,Санкт-Петербург,2020-07-10
1919,Санкт-Петербург,2020-07-10
1920,Новосибирск,2020-07-10
1921,Москва,2020-07-11
1922,Санкт-Петербург,2020-07-11
1923,Новосибирск,2020-07-11
1924,Санкт-Петербург,2020-07-11
1925,Новосибирск,2020-07-11
1926,Санкт-Петербург,2020-07-11
1927,Новосибирск,2020-07-11
1928,Москва,2020-07-11
1929,Санкт-Петербург,2020-07-11
1930,Санкт-Петербург,2020-07-11
1931,Москва,2020-07-12
1932,Санкт-Петербург,2020-07-12
1933,Новосибирск,2020-07-12
1934,Санкт-Петербург,2020-07-12
1935,Санкт-Петербург,2020-07-12
1936,Москва,2020-07-12
1937,Санкт-Петербург,2020-07-12
1938,Москва,2020-07-12
1939,Новосибирск,2020-07-12
1940,Тюмень,2020-07-12
1941,Москва,2020-07-13
1942,Тюмень,2020-07-13
1943,Тюмень,2020-07-13
1944,Новосибирск,2020-07-13
1945,Новосибирск,2020-07-13
1946,Тюмень,2020-07-13
1947,Санкт-Петербург,2020-07-13
1948,Санкт-Петербург,2020-07-13
1949,Новосибирск,2020-07-13
1950,Санкт-Петербург,2020-07-13
1951,Новосибирск,2020-07-14
1952,Новосибирск,2020-07-14
1953,Санкт-Петербург,2020-07-14
1954,Санкт-Петербург,2020-07-14
1955,Санкт-Петербург,2020-07-14
1956,Тюмень,2020-07-14
1957,Новосибирск,2020-07-14
1958,Тюмень,2020-07-14
1959,Москва,2020-07-14
1960,Новосибирск,2020-07-14
1961,Новосибирск,2020-07-15
1962,Москва,2020-07-15
1963,Тюмень,2020-07-15
1964,Москва,2020-07-15
1965,Санкт-Петербург,2020-07-15
1966,Москва,2020-07-15
1967,Тюмень,2020-07-15
1968,Новосибирск,2020-07-15
1969,Новосибирск,2020-07-15
1970,Санкт-Петербург,2020-07-15
1971,Москва,2020-07-16
1972,Санкт-Петербург,2020-07-16
1973,Москва,2020-07-16
1974,Москва,2020-07-16
1975,Санкт-Петербург,2020-07-16
1976,Новосибирск,2020-07-16
1977,Тюмень,2020-07-16
1978,Тюмень,2020-07-16
1979,Тюмень,2020-07-16
1980,Новосибирск,2020-07-16
1981,Новосибирск,2020-07-17
1982,Новосибирск,2020-07-17
1983,Санкт-Петербург,2020-07-17
1984,Санкт-Петербург,2020-07-17
1985,Новосибирск,2020-07-17
1986,Тюмень,2020-07-17
1987,Тюмень,2020-07-17
1988,Москва,2020-07-17
1989,Санкт-Петербург,2020-07-17
1990,Тюмень,2020-07-17
1991,Санкт-Петербург,2020-07-18
1992,Новосибирск,2020-07-18
1993,Тюмень,2020-07-18
1994,Санкт-Петербург,2020-07-18
1995,Тюмень,2020-07-18
1996,Москва,2020-07-18
1997,Москва,2020-07-18
1998,Санкт-Петербург,2020-07-18
1999,Тюмень,2020-07-18
2000,Новосибирск,2020-07-18
2001,Москва,2020-07-19
2002,Новосибирск,2020-07-19
2003,Санкт-Петербург,2020-07-19
2004,Москва,2020-07-19
2005,Москва,2020-07-19
2006,Санкт-Петербург,2020-07-19
2007,Тюмень,2020-07-19
2008,Москва,2020-07-19
2009,Москва,2020-07-19
2010,Москва,2020-07-19
2011,Санкт-Петербург,2020-07-20
2012,Новосибирск,2020-07-20
2013,Москва,2020-07-20
2014,Москва,2020-07-20
2015,Новосибирск,2020-07-20
2016,Санкт-Петербург,2020-07-20
2017,Санкт-Петербург,2020-07-20
2018,Тюмень,2020-07-20
2019,Санкт-Петербург,2020-07-20
2020,Новосибирск,2020-07-20
2021,Москва,2020-07-21
2022,Санкт-Петербург,2020-07-21
2023,Тюмень,2020-07-21
2024,Тюмень,2020-07-21
2025,Москва,2020-07-21
2026,Новосибирск,2020-07-21
2027,Тюмень,2020-07-21
2028,Новосибирск,2020-07-21
2029,Тюмень,2020-07-21
2030,Москва,2020-07-21
2031,Москва,2020-07-22
2032,Москва,2020-07-22
2033,Тюмень,2020-07-22
2034,Новосибирск,2020-07-22
2035,Санкт-Петербург,2020-07-22
2036,Тюмень,2020-07-22
2037,Тюмень,2020-07-22
2038,Тюмень,2020-07-22
2039,Москва,2020-07-22
2040,Тюмень,2020-07-22
2041,Санкт-Петербург,2020-07-23
2042,Новосибирск,2020-07-23
2043,Санкт-Петербург,2020-07-23
2044,Новосибирск,2020-07-23
2045,Санкт-Петербург,2020-07-23
2046,Москва,2020-07-23
2047,Москва,2020-07-23
2048,Новосибирск,2020-07-23
2049,Санкт-Петербург,2020-07-23
2050,Тюмень,2020-07-23
2051,Новосибирск,2020-07-24
2052,Москва,2020-07-24
2053,Москва,2020-07-24
2054,Тюмень,2020-07-24
2055,Москва,2020-07-24
2056,Москва,2020-07-24
2057,Новосибирск,2020-07-24
2058,Москва,2020-07-24
2059,Тюмень,2020-07-24
2060,Москва,2020-07-24
2061,Новосибирск,2020-07-25
2062,Москва,2020-07-25
2063,Тюмень,2020-07-25
2064,Санкт-Петербург,2020-07-25
2065,Санкт-Петербург,2020-07-25
2066,Тюмень,2020-07-25
2067,Тюмень,2020-07-25
2068,Москва,2020-07-25
2069,Новосибирск,2020-07-25
2070,Тюмень,2020-07-25
2071,Москва,2020-07-26
2072,Санкт-Петербург,2020-07-26
2073,Санкт-Петербург,2020-07-26
2074,Москва,2020-07-26
2075,Новосибирск,2020-07-26
2076,Тюмень,2020-07-26
2077,Москва,2020-07-26
2078,Новосибирск,2020-07-26
2079,Москва,2020-07-26
2080,Санкт-Петербург,2020-07-26
2081,Санкт-Петербург,2020-07-27
2082,Москва,2020-07-27
2083,Тюмень,2020-07-27
2084,Санкт-Петербург,2020-07-27
2085,Новосибирск,2020-07-27
2086,Санкт-Петербург,2020-07-27
2087,Санкт-Петербург,2020-07-27
2088,Новосибирск,2020-07-27
2089,Москва,2020-07-27
2090,Новосибирск,2020-07-27
2091,Москва,2020-07-28
2092,Тюмень,2020-07-28
2093,Новосибирск,2020-07-28
2094,Новосибирск,2020-07-28
2095,Москва,2020-07-28
2096,Москва,2020-07-28
2097,Санкт-Петербург,2020-07-28
2098,Тюмень,2020-07-28
2099,Тюмень,2020-07-28
2100,Москва,2020-07-28
2101,Новосибирск,2020-07-29
2102,Москва,2020-07-29
2103,Санкт-Петербург,2020-07-29
2104,Тюмень,2020-07-29
2105,Новосибирск,2020-07-29
2106,Новосибирск,2020-07-29
2107,Тюмень,2020-07-29
2108,Новосибирск,2020-07-29
2109,Москва,2020-07-29
2110,Новосибирск,2020-07-29
2111,Москва,2020-07-30
2112,Новосибирск,2020-07-30
2113,Москва,2020-07-30
2114,Новосибирск,2020-07-30
2115,Санкт-Петербург,2020-07-30
2116,Тюмень,2020-07-30
2117,Тюмень,2020-07-30
2118,Москва,2020-07-30
2119,Новосибирск,2020-07-30
2120,Москва,2020-07-30
2121,Тюмень,2020-07-31
2122,Санкт-Петербург,2020-07-31
2123,Новосибирск,2020-07-31
2124,Новосибирск,2020-07-31
2125,Москва,2020-07-31
2126,Тюмень,2020-07-31
2127,Москва,2020-07-31
2128,Санкт-Петербург,2020-07-31
2129,Тюмень,2020-07-31
2130,Москва,2020-07-31
2131,Новосибирск,2020-08-01
2132,Санкт-Петербург,2020-08-01
2133,Санкт-Петербург,2020-08-01
2134,Москва,2020-08-01
2135,Санкт-Петербург,2020-08-01
2136,Тюмень,2020-08-01
2137,Москва,2020-08-01
2138,Санкт-Петербург,2020-08-01
2139,Москва,2020-08-01
2140,Москва,2020-08-01
2141,Санкт-Петербург,2020-08-02
2142,Санкт-Петербург,2020-08-02
2143,Москва,2020-08-02
2144,Тюмень,2020-08-02
2145,Санкт-Петербург,2020-08-02
2146,Тюмень,2020-08-02
2147,Москва,2020-08-02
2148,Москва,2020-08-02
2149,Москва,2020-08-02
2150,Санкт-Петербург,2020-08-02
2151,Тюмень,2020-08-03
2152,Москва,2020-08-03
2153,Москва,2020-08-03
2154,Санкт-Петербург,2020-08-03
2155,Санкт-Петербург,2020-08-03
2156,Новосибирск,2020-08-03
2157,Санкт-Петербург,2020-08-03
2158,Тюмень,2020-08-03
2159,Новосибирск,2020-08-03
2160,Тюмень,2020-08-03
2161,Санкт-Петербург,2020-08-04
2162,Москва,2020-08-04
2163,Москва,2020-08-04
2164,Тюмень,2020-08-04
2165,Тюмень,2020-08-04
2166,Тюмень,2020-08-04
2167,Новосибирск,2020-08-04
2168,Санкт-Петербург,2020-08-04
2169,Санкт-Петербург,2020-08-04
2170,Москва,2020-08-04
2171,Санкт-Петербург,2020-08-05
2172,Санкт-Петербург,2020-08-05
2173,Москва,2020-08-05
2174,Новосибирск,2020-08-05
2175,Москва,2020-08-05
2176,Тюмень,2020-08-05
2177,Санкт-Петербург,2020-08-05
2178,Тюмень,2020-08-05
2179,Санкт-Петербург,2020-08-05
2180,Москва,2020-08-05
2181,Тюмень,2020-08-06
2182,Санкт-Петербург,2020-08-06
2183,Москва,2020-08-06
2184,Москва,2020-08-06
2185,Москва,2020-08-06
2186,Санкт-Петербург,2020-08-06
2187,Санкт-Петербург,2020-08-06
2188,Тюмень,2020-08-06
2189,Санкт-Петербург,2020-08-06
2190,Тюмень,2020-08-06
2191,Санкт-Петербург,2020-08-07
2192,Москва,2020-08-07
2193,Санкт-Петербург,2020-08-07
2194,Санкт-Петербург,2020-08-07
2195,Москва,2020-08-07
2196,Новосибирск,2020-08-07
2197,Санкт-Петербург,2020-08-07
2198,Новосибирск,2020-08-07
2199,Санкт-Петербург,2020-08-07
2200,Санкт-Петербург,2020-08-07
2201,Новосибирск,2020-08-08
2202,Санкт-Петербург,2020-08-08
2203,Тюмень,2020-08-08
2204,Санкт-Петербург,2020-08-08
2205,Санкт-Петербург,2020-08-08
2206,Москва,2020-08-08
2207,Москва,2020-08-08
2208,Москва,2020-08-08
2209,Москва,2020-08-08
2210,Москва,2020-08-08
2211,Санкт-Петербург,2020-08-09
2212,Новосибирск,2020-08-09
2213,Москва,2020-08-09
2214,Новосибирск,2020-08-09
2215,Москва,2020-08-09
2216,Санкт-Петербург,2020-08-09
2217,Санкт-Петербург,2020-08-09
2218,Москва,2020-08-09
2219,Тюмень,2020-08-09
2220,Санкт-Петербург,2020-08-09
2221,Москва,2020-08-10
2222,Санкт-Петербург,2020-08-10
2223,Новосибирск,2020-08-10
2224,Новосибирск,2020-08-10
2225,Новосибирск,2020-08-10
2226,Тюмень,2020-08-10
2227,Новосибирск,2020-08-10
2228,Москва,2020-08-10
2229,Санкт-Петербург,2020-08-10
2230,Новосибирск,2020-08-10
2231,Новосибирск,2020-08-11
2232,Санкт-Петербург,2020-08-11
2233,Тюмень,2020-08-11
2234,Тюмень,2020-08-11
2235,Санкт-Петербург,2020-08-11
2236,Санкт-Петербург,2020-08-11
2237,Москва,2020-08-11
2238,Тюмень,2020-08-11
2239,Новосибирск,2020-08-11
2240,Москва,2020-08-11
2241,Москва,2020-08-12
2242,Тюмень,2020-08-12
2243,Новосибирск,2020-08-12
2244,Новосибирск,2020-08-12
2245,Тюмень,2020-08-12
2246,Новосибирск,2020-08-12
2247,Новосибирск,2020-08-12
2248,Тюмень,2020-08-12
2249,Москва,2020-08-12
2250,Санкт-Петербург,2020-08-12
2251,Москва,2020-08-13
2252,Москва,2020-08-13
2253,Москва,2020-08-13
2254,Санкт-Петербург,2020-08-13
2255,Тюмень,2020-08-13
2256,Тюмень,2020-08-13
2257,Санкт-Петербург,2020-08-13
2258,Тюмень,2020-08-13
2259,Санкт-Петербург,2020-08-13
2260,Новосибирск,2020-08-13
2261,Санкт-Петербург,2020-08-14
2262,Новосибирск,2020-08-14
2263,Москва,2020-08-14
2264,Новосибирск,2020-08-14
2265,Санкт-Петербург,2020-08-14
2266,Москва,2020-08-14
2267,Санкт-Петербург,2020-08-14
2268,Санкт-Петербург,2020-08-14
2269,Санкт-Петербург,2020-08-14
2270,Москва,2020-08-14
2271,Тюмень,2020-08-15
2272,Москва,2020-08-15
2273,Москва,2020-08-15
2274,Санкт-Петербург,2020-08-15
2275,Новосибирск,2020-08-15
2276,Тюмень,2020-08-15
2277,Тюмень,2020-08-15
2278,Москва,2020-08-15
2279,Новосибирск,2020-08-15
2280,Новосибирск,2020-08-15
2281,Москва,2020-08-16
2282,Санкт-Петербург,2020-08-16
2283,Тюмень,2020-08-16
2284,Москва,2020-08-16
2285,Москва,2020-08-16
2286,Тюмень,2020-08-16
2287,Санкт-Петербург,2020-08-16
2288,Москва,2020-08-16
2289,Санкт-Петербург,2020-08-16
2290,Новосибирск,2020-08-16
2291,Тюмень,2020-08-17
2292,Москва,2020-08-17
2293,Санкт-Петербург,2020-08-17
2294,Новосибирск,2020-08-17
2295,Тюмень,2020-08-17
2296,Москва,2020-08-17
2297,Москва,2020-08-17
2298,Тюмень,2020-08-17
2299,Тюмень,2020-08-17
2300,Тюмень,2020-08-17
2301,Тюмень,2020-08-18
2302,Тюмень,2020-08-18
2303,Новосибирск,2020-08-18
2304,Москва,2020-08-18
2305,Тюмень,2020-08-18
2306,Москва,2020-08-18
2307,Санкт-Петербург,2020-08-18
2308,Москва,2020-08-18
2309,Тюмень,2020-08-18
2310,Новосибирск,2020-08-18
2311,Тюмень,2020-08-19
2312,Санкт-Петербург,2020-08-19
2313,Санкт-Петербург,2020-08-19
2314,Санкт-Петербург,2020-08-19
2315,Тюмень,2020-08-19
2316,Москва,2020-08-19
2317,Новосибирск,2020-08-19
2318,Москва,2020-08-19
2319,Санкт-Петербург,2020-08-19
2320,Санкт-Петербург,2020-08-19
2321,Новосибирск,2020-08-20
2322,Санкт-Петербург,2020-08-20
2323,Москва,2020-08-20
2324,Москва,2020-08-20
2325,Санкт-Петербург,2020-08-20
2326,Тюмень,2020-08-20
2327,Санкт-Петербург,2020-08-20
2328,Москва,2020-08-20
2329,Тюмень,2020-08-20
2330,Новосибирск,2020-08-20
2331,Тюмень,2020-08-21
2332,Новосибирск,2020-08-21
2333,Тюмень,2020-08-21
2334,Тюмень,2020-08-21
2335,Москва,2020-08-21
2336,Санкт-Петербург,2020-08-21
2337,Тюмень,2020-08-21
2338,Тюмень,2020-08-21
2339,Тюмень,2020-08-21
2340,Новосибирск,2020-08-21
2341,Санкт-Петербург,2020-08-22
2342,Тюмень,2020-08-22
2343,Новосибирск,2020-08-22
2344,Санкт-Петербург,2020-08-22
2345,Новосибирск,2020-08-22
2346,Санкт-Петербург,2020-08-22
2347,Санкт-Петербург,2020-08-22
2348,Тюмень,2020-08-22
2349,Новосибирск,2020-08-22
2350,Новосибирск,2020-08-22
2351,Тюмень,2020-08-23
2352,Тюмень,2020-08-23
2353,Санкт-Петербург,2020-08-23
2354,Новосибирск,2020-08-23
2355,Новосибирск,2020-08-23
2356,Новосибирск,2020-08-23
2357,Тюмень,2020-08-23
2358,Новосибирск,2020-08-23
2359,Санкт-Петербург,2020-08-23
2360,Москва,2020-08-23
2361,Москва,2020-08-24
2362,Санкт-Петербург,2020-08-24
2363,Санкт-Петербург,2020-08-24
2364,Тюмень,2020-08-24
2365,Новосибирск,2020-08-24
2366,Тюмень,2020-08-24
2367,Тюмень,2020-08-24
2368,Тюмень,2020-08-24
2369,Новосибирск,2020-08-24
2370,Тюмень,2020-08-24
2371,Новосибирск,2020-08-25
2372,Тюмень,2020-08-25
2373,Тюмень,2020-08-25
2374,Москва,2020-08-25
2375,Новосибирск,2020-08-25
2376,Тюмень,2020-08-25
2377,Москва,2020-08-25
2378,Санкт-Петербург,2020-08-25
2379,Новосибирск,2020-08-25
2380,Москва,2020-08-25
2381,Санкт-Петербург,2020-08-26
2382,Новосибирск,2020-08-26
2383,Новосибирск,2020-08-26
2384,Санкт-Петербург,2020-08-26
2385,Тюмень,2020-08-26
2386,Санкт-Петербург,2020-08-26
2387,Москва,2020-08-26
2388,Москва,2020-08-26
2389,Тюмень,2020-08-26
2390,Тюмень,2020-08-26
2391,Санкт-Петербург,2020-08-27
2392,Тюмень,2020-08-27
2393,Новосибирск,2020-08-27
2394,Тюмень,2020-08-27
2395,Санкт-Петербург,2020-08-27
2396,Санкт-Петербург,2020-08-27
2397,Новосибирск,2020-08-27
2398,Санкт-Петербург,2020-08-27
2399,Тюмень,2020-08-27
2400,Новосибирск,2020-08-27
2401,Новосибирск,2020-08-28
2402,Тюмень,2020-08-28
2403,Тюмень,2020-08-28
2404,Тюмень,2020-08-28
2405,Новосибирск,2020-08-28
2406,Санкт-Петербург,2020-08-28
2407,Москва,2020-08-28
2408,Санкт-Петербург,2020-08-28
2409,Санкт-Петербург,2020-08-28
2410,Москва,2020-08-28
2411,Тюмень,2020-08-29
2412,Санкт-Петербург,2020-08-29
2413,Санкт-Петербург,2020-08-29
2414,Санкт-Петербург,2020-08-29
2415,Санкт-Петербург,2020-08-29
2416,Новосибирск,2020-08-29
2417,Новосибирск,2020-08-29
2418,Санкт-Петербург,2020-08-29
2419,Москва,2020-08-29
2420,Москва,2020-08-29
2421,Новосибирск,2020-08-30
2422,Тюмень,2020-08-30
2423,Санкт-Петербург,2020-08-30
2424,Новосибирск,2020-08-30
2425,Москва,2020-08-30
2426,Тюмень,2020-08-30
2427,Новосибирск,2020-08-30
2428,Новосибирск,2020-08-30
2429,Тюмень,2020-08-30
2430,Санкт-Петербург,2020-08-30
2431,Санкт-Петербург,2020-08-31
2432,Новосибирск,2020-08-31
2433,Москва,2020-08-31
2434,Санкт-Петербург,2020-08-31
2435,Санкт-Петербург,2020-08-31
2436,Тюмень,2020-08-31
2437,Тюмень,2020-08-31
2438,Москва,2020-08-31
2439,Москва,2020-08-31
2440,Тюмень,2020-08-31
2441,Москва,2020-09-01
2442,Тюмень,2020-09-01
2443,Москва,2020-09-01
2444,Санкт-Петербург,2020-09-01
2445,Москва,2020-09-01
2446,Новосибирск,2020-09-01
2447,Тюмень,2020-09-01
2448,Тюмень,2020-09-01
2449,Санкт-Петербург,2020-09-01
2450,Новосибирск,2020-09-01
2451,Москва,2020-09-02
2452,Москва,2020-09-02
2453,Санкт-Петербург,2020-09-02
2454,Москва,2020-09-02
2455,Москва,2020-09-02
2456,Тюмень,2020-09-02
2457,Санкт-Петербург,2020-09-02
2458,Москва,2020-09-02
2459,Москва,2020-09-02
2460,Санкт-Петербург,2020-09-02
2461,Санкт-Петербург,2020-09-03
2462,Москва,2020-09-03
2463,Санкт-Петербург,2020-09-03
2464,Тюмень,2020-09-03
2465,Москва,2020-09-03
2466,Тюмень,2020-09-03
2467,Новосибирск,2020-09-03
2468,Тюмень,2020-09-03
2469,Новосибирск,2020-09-03
2470,Москва,2020-09-03
2471,Тюмень,2020-09-04
2472,Москва,2020-09-04
2473,Москва,2020-09-04
2474,Санкт-Петербург,2020-09-04
2475,Тюмень,2020-09-04
2476,Санкт-Петербург,2020-09-04
2477,Москва,2020-09-04
2478,Москва,2020-09-04
2479,Новосибирск,2020-09-04
2480,Тюмень,2020-09-04
2481,Москва,2020-09-05
2482,Санкт-Петербург,2020-09-05
2483,Тюмень,2020-09-05
2484,Санкт-Петербург,2020-09-05
2485,Санкт-Петербург,2020-09-05
2486,Новосибирск,2020-09-05
2487,Тюмень,2020-09-05
2488,Новосибирск,2020-09-05
2489,Новосибирск,2020-09-05
2490,Тюмень,2020-09-05
2491,Санкт-Петербург,2020-09-06
2492,Новосибирск,2020-09-06
2493,Тюмень,2020-09-06
2494,Санкт-Петербург,2020-09-06
2495,Новосибирск,2020-09-06
2496,Новосибирск,2020-09-06
2497,Новосибирск,2020-09-06
2498,Новосибирск,2020-09-06
2499,Москва,2020-09-06
2500,Тюмень,2020-09-06
2501,Санкт-Петербург,2020-09-07
2502,Москва,2020-09-07
2503,Санкт-Петербург,2020-09-07
2504,Санкт-Петербург,2020-09-07
2505,Тюмень,2020-09-07
2506,Тюмень,2020-09-07
2507,Москва,2020-09-07
2508,Санкт-Петербург,2020-09-07
2509,Тюмень,2020-09-07
2510,Тюмень,2020-09-07
2511,Санкт-Петербург,2020-09-08
2512,Москва,2020-09-08
2513,Тюмень,2020-09-08
2514,Санкт-Петербург,2020-09-08
2515,Новосибирск,2020-09-08
2516,Санкт-Петербург,2020-09-08
2517,Тюмень,2020-09-08
2518,Тюмень,2020-09-08
2519,Новосибирск,2020-09-08
2520,Москва,2020-09-08
2521,Санкт-Петербург,2020-09-09
2522,Москва,2020-09-09
2523,Санкт-Петербург,2020-09-09
2524,Новосибирск,2020-09-09
2525,Санкт-Петербург,2020-09-09
2526,Москва,2020-09-09
2527,Москва,2020-09-09
2528,Тюмень,2020-09-09
2529,Тюмень,2020-09-09
2530,Санкт-Петербург,2020-09-09
2531,Санкт-Петербург,2020-09-10
2532,Санкт-Петербург,2020-09-10
2533,Санкт-Петербург,2020-09-10
2534,Новосибирск,2020-09-10
2535,Санкт-Петербург,2020-09-10
2536,Москва,2020-09-10
2537,Новосибирск,2020-09-10
2538,Москва,2020-09-10
2539,Тюмень,2020-09-10
2540,Санкт-Петербург,2020-09-10
2541,Новосибирск,2020-09-11
2542,Тюмень,2020-09-11
2543,Санкт-Петербург,2020-09-11
2544,Новосибирск,2020-09-11
2545,Новосибирск,2020-09-11
2546,Тюмень,2020-09-11
2547,Новосибирск,2020-09-11
2548,Новосибирск,2020-09-11
2549,Тюмень,2020-09-11
2550,Тюмень,2020-09-11
2551,Новосибирск,2020-09-12
2552,Москва,2020-09-12
2553,Санкт-Петербург,2020-09-12
2554,Тюмень,2020-09-12
2555,Тюмень,2020-09-12
2556,Санкт-Петербург,2020-09-12
2557,Санкт-Петербург,2020-09-12
2558,Тюмень,2020-09-12
2559,Санкт-Петербург,2020-09-12
2560,Санкт-Петербург,2020-09-12
2561,Тюмень,2020-09-13
2562,Москва,2020-09-13
2563,Тюмень,2020-09-13
2564,Санкт-Петербург,2020-09-13
2565,Новосибирск,2020-09-13
2566,Москва,2020-09-13
2567,Санкт-Петербург,2020-09-13
2568,Тюмень,2020-09-13
2569,Москва,2020-09-13
2570,Москва,2020-09-13
2571,Санкт-Петербург,2020-09-14
2572,Санкт-Петербург,2020-09-14
2573,Санкт-Петербург,2020-09-14
2574,Москва,2020-09-14
2575,Москва,2020-09-14
2576,Москва,2020-09-14
2577,Санкт-Петербург,2020-09-14
2578,Новосибирск,2020-09-14
2579,Тюмень,2020-09-14
2580,Новосибирск,2020-09-14
2581,Санкт-Петербург,2020-09-15
2582,Новосибирск,2020-09-15
2583,Санкт-Петербург,2020-09-15
2584,Москва,2020-09-15
2585,Тюмень,2020-09-15
2586,Москва,2020-09-15
2587,Москва,2020-09-15
2588,Санкт-Петербург,2020-09-15
2589,Новосибирск,2020-09-15
2590,Тюмень,2020-09-15
2591,Новосибирск,2020-09-16
2592,Санкт-Петербург,2020-09-16
2593,Тюмень,2020-09-16
2594,Санкт-Петербург,2020-09-16
2595,Тюмень,2020-09-16
2596,Санкт-Петербург,2020-09-16
2597,Тюмень,2020-09-16
2598,Москва,2020-09-16
2599,Москва,2020-09-16
2600,Тюмень,2020-09-16
2601,Тюмень,2020-09-17
2602,Санкт-Петербург,2020-09-17
2603,Новосибирск,2020-09-17
2604,Санкт-Петербург,2020-09-17
2605,Санкт-Петербург,2020-09-17
2606,Новосибирск,2020-09-17
2607,Новосибирск,2020-09-17
2608,Москва,2020-09-17
2609,Новосибирск,2020-09-17
2610,Новосибирск,2020-09-17
2611,Москва,2020-09-18
2612,Тюмень,2020-09-18
2613,Москва,2020-09-18
2614,Москва,2020-09-18
2615,Москва,2020-09-18
2616,Тюмень,2020-09-18
2617,Новосибирск,2020-09-18
2618,Москва,2020-09-18
2619,Тюмень,2020-09-18
2620,Тюмень,2020-09-18
2621,Новосибирск,2020-09-19
2622,Санкт-Петербург,2020-09-19
2623,Санкт-Петербург,2020-09-19
2624,Санкт-Петербург,2020-09-19
2625,Москва,2020-09-19
2626,Новосибирск,2020-09-19
2627,Москва,2020-09-19
2628,Новосибирск,2020-09-19
2629,Санкт-Петербург,2020-09-19
2630,Тюмень,2020-09-19
2631,Санкт-Петербург,2020-09-20
2632,Санкт-Петербург,2020-09-20
2633,Новосибирск,2020-09-20
2634,Санкт-Петербург,2020-09-20
2635,Тюмень,2020-09-20
2636,Москва,2020-09-20
2637,Москва,2020-09-20
2638,Санкт-Петербург,2020-09-20
2639,Новосибирск,2020-09-20
2640,Санкт-Петербург,2020-09-20
2641,Тюмень,2020-09-21
2642,Санкт-Петербург,2020-09-21
2643,Санкт-Петербург,2020-09-21
2644,Санкт-Петербург,2020-09-21
2645,Санкт-Петербург,2020-09-21
2646,Санкт-Петербург,2020-09-21
2647,Новосибирск,2020-09-21
2648,Тюмень,2020-09-21
2649,Санкт-Петербург,2020-09-21
2650,Санкт-Петербург,2020-09-21
2651,Новосибирск,2020-09-22
2652,Новосибирск,2020-09-22
2653,Москва,2020-09-22
2654,Санкт-Петербург,2020-09-22
2655,Санкт-Петербург,2020-09-22
2656,Новосибирск,2020-09-22
2657,Тюмень,2020-09-22
2658,Тюмень,2020-09-22
2659,Тюмень,2020-09-22
2660,Тюмень,2020-09-22
2661,Тюмень,2020-09-23
2662,Москва,2020-09-23
2663,Тюмень,2020-09-23
2664,Москва,2020-09-23
2665,Новосибирск,2020-09-23
2666,Тюмень,2020-09-23
2667,Санкт-Петербург,2020-09-23
2668,Санкт-Петербург,2020-09-23
2669,Санкт-Петербург,2020-09-23
2670,Санкт-Петербург,2020-09-23
2671,Москва,2020-09-24
2672,Москва,2020-09-24
2673,Новосибирск,2020-09-24
2674,Новосибирск,2020-09-24
2675,Новосибирск,2020-09-24
2676,Санкт-Петербург,2020-09-24
2677,Тюмень,2020-09-24
2678,Санкт-Петербург,2020-09-24
2679,Тюмень,2020-09-24
2680,Тюмень,2020-09-24
2681,Тюмень,2020-09-25
2682,Москва,2020-09-25
2683,Москва,2020-09-25
2684,Тюмень,2020-09-25
2685,Москва,2020-09-25
2686,Новосибирск,2020-09-25
2687,Новосибирск,2020-09-25
2688,Санкт-Петербург,2020-09-25
2689,Москва,2020-09-25
2690,Санкт-Петербург,2020-09-25
2691,Тюмень,2020-09-26
2692,Новосибирск,2020-09-26
2693,Новосибирск,2020-09-26
2694,Санкт-Петербург,2020-09-26
2695,Москва,2020-09-26
2696,Тюмень,2020-09-26
2697,Новосибирск,2020-09-26
2698,Новосибирск,2020-09-26
2699,Москва,2020-09-26
2700,Новосибирск,2020-09-26
2701,Москва,2020-09-27
2702,Новосибирск,2020-09-27
2703,Тюмень,2020-09-27
2704,Санкт-Петербург,2020-09-27
2705,Санкт-Петербург,2020-09-27
2706,Новосибирск,2020-09-27
2707,Тюмень,2020-09-27
2708,Новосибирск,2020-09-27
2709,Москва,2020-09-27
2710,Тюмень,2020-09-27
2711,Тюмень,2020-09-28
2712,Москва,2020-09-28
2713,Москва,2020-09-28
2714,Санкт-Петербург,2020-09-28
2715,Новосибирск,2020-09-28
2716,Москва,2020-09-28
2717,Москва,2020-09-28
2718,Санкт-Петербург,2020-09-28
2719,Москва,2020-09-28
2720,Санкт-Петербург,2020-09-28
2721,Санкт-Петербург,2020-09-29
2722,Тюмень,2020-09-29
2723,Санкт-Петербург,2020-09-29
2724,Новосибирск,2020-09-29
2725,Тюмень,2020-09-29
2726,Новосибирск,2020-09-29
2727,Новосибирск,2020-09-29
2728,Санкт-Петербург,2020-09-29
2729,Санкт-Петербург,2020-09-29
2730,Тюмень,2020-09-29
2731,Тюмень,2020-09-30
2732,Санкт-Петербург,2020-09-30
2733,Тюмень,2020-09-30
2734,Тюмень,2020-09-30
2735,Санкт-Петербург,2020-09-30
2736,Москва,2020-09-30
2737,Москва,2020-09-30
2738,Новосибирск,2020-09-30
2739,Тюмень,2020-09-30
2740,Тюмень,2020-09-30
2741,Санкт-Петербург,2020-10-01
2742,Санкт-Петербург,2020-10-01
2743,Санкт-Петербург,2020-10-01
2744,Тюмень,2020-10-01
2745,Санкт-Петербург,2020-10-01
2746,Новосибирск,2020-10-01
2747,Москва,2020-10-01
2748,Тюмень,2020-10-01
2749,Москва,2020-10-01
2750,Новосибирск,2020-10-01
2751,Тюмень,2020-10-02
2752,Тюмень,2020-10-02
2753,Тюмень,2020-10-02
2754,Новосибирск,2020-10-02
2755,Санкт-Петербург,2020-10-02
2756,Москва,2020-10-02
2757,Санкт-Петербург,2020-10-02
2758,Санкт-Петербург,2020-10-02
2759,Новосибирск,2020-10-02
2760,Санкт-Петербург,2020-10-02
2761,Санкт-Петербург,2020-10-03
2762,Новосибирск,2020-10-03
2763,Тюмень,2020-10-03
2764,Новосибирск,2020-10-03
2765,Москва,2020-10-03
2766,Санкт-Петербург,2020-10-03
2767,Санкт-Петербург,2020-10-03
2768,Тюмень,2020-10-03
2769,Новосибирск,2020-10-03
2770,Москва,2020-10-03
2771,Тюмень,2020-10-04
2772,Тюмень,2020-10-04
2773,Санкт-Петербург,2020-10-04
2774,Тюмень,2020-10-04
2775,Новосибирск,2020-10-04
2776,Москва,2020-10-04
2777,Тюмень,2020-10-04
2778,Москва,2020-10-04
2779,Новосибирск,2020-10-04
2780,Тюмень,2020-10-04
2781,Москва,2020-10-05
2782,Тюмень,2020-10-05
2783,Москва,2020-10-05
2784,Новосибирск,2020-10-05
2785,Санкт-Петербург,2020-10-05
2786,Санкт-Петербург,2020-10-05
2787,Москва,2020-10-05
2788,Санкт-Петербург,2020-10-05
2789,Москва,2020-10-05
2790,Новосибирск,2020-10-05
2791,Новосибирск,2020-10-06
2792,Новосибирск,2020-10-06
2793,Санкт-Петербург,2020-10-06
2794,Санкт-Петербург,2020-10-06
2795,Тюмень,2020-10-06
2796,Новосибирск,2020-10-06
2797,Тюмень,2020-10-06
2798,Новосибирск,2020-10-06
2799,Тюмень,2020-10-06
2800,Москва,2020-10-06
2801,Тюмень,2020-10-07
2802,Новосибирск,2020-10-07
2803,Тюмень,2020-10-07
2804,Санкт-Петербург,2020-10-07
2805,Санкт-Петербург,2020-10-07
2806,Новосибирск,2020-10-07
2807,Москва,2020-10-07
2808,Новосибирск,2020-10-07
2809,Тюмень,2020-10-07
2810,Москва,2020-10-07
2811,Тюмень,2020-10-08
2812,Новосибирск,2020-10-08
2813,Тюмень,2020-10-08
2814,Новосибирск,2020-10-08
2815,Санкт-Петербург,2020-10-08
2816,Тюмень,2020-10-08
2817,Санкт-Петербург,2020-10-08
2818,Новосибирск,2020-10-08
2819,Тюмень,2020-10-08
2820,Санкт-Петербург,2020-10-08
2821,Новосибирск,2020-10-09
2822,Санкт-Петербург,2020-10-09
2823,Новосибирск,2020-10-09
2824,Санкт-Петербург,2020-10-09
2825,Новосибирск,2020-10-09
2826,Тюмень,2020-10-09
2827,Тюмень,2020-10-09
2828,Тюмень,2020-10-09
2829,Тюмень,2020-10-09
2830,Санкт-Петербург,2020-10-09
2831,Новосибирск,2020-10-10
2832,Тюмень,2020-10-10
2833,Санкт-Петербург,2020-10-10
2834,Москва,2020-10-10
2835,Новосибирск,2020-10-10
2836,Санкт-Петербург,2020-10-10
2837,Москва,2020-10-10
2838,Москва,2020-10-10
2839,Новосибирск,2020-10-10
2840,Санкт-Петербург,2020-10-10
2841,Санкт-Петербург,2020-10-11
2842,Санкт-Петербург,2020-10-11
2843,Тюмень,2020-10-11
2844,Тюмень,2020-10-11
2845,Москва,2020-10-11
2846,Санкт-Петербург,2020-10-11
2847,Новосибирск,2020-10-11
2848,Тюмень,2020-10-11
2849,Тюмень,2020-10-11
2850,Тюмень,2020-10-11
2851,Тюмень,2020-10-12
2852,Тюмень,2020-10-12
2853,Новосибирск,2020-10-12
2854,Тюмень,2020-10-12
2855,Москва,2020-10-12
2856,Новосибирск,2020-10-12
2857,Санкт-Петербург,2020-10-12
2858,Тюмень,2020-10-12
2859,Тюмень,2020-10-12
2860,Новосибирск,2020-10-12
2861,Новосибирск,2020-10-13
2862,Москва,2020-10-13
2863,Новосибирск,2020-10-13
2864,Санкт-Петербург,2020-10-13
2865,Тюмень,2020-10-13
2866,Санкт-Петербург,2020-10-13
2867,Санкт-Петербург,2020-10-13
2868,Тюмень,2020-10-13
2869,Санкт-Петербург,2020-10-13
2870,Москва,2020-10-13
2871,Москва,2020-10-14
2872,Новосибирск,2020-10-14
2873,Москва,2020-10-14
2874,Новосибирск,2020-10-14
2875,Тюмень,2020-10-14
2876,Москва,2020-10-14
2877,Санкт-Петербург,2020-10-14
2878,Тюмень,2020-10-14
2879,Санкт-Петербург,2020-10-14
2880,Тюмень,2020-10-14
2881,Санкт-Петербург,2020-10-15
2882,Новосибирск,2020-10-15
2883,Москва,2020-10-15
2884,Новосибирск,2020-10-15
2885,Москва,2020-10-15
2886,Санкт-Петербург,2020-10-15
2887,Новосибирск,2020-10-15
2888,Новосибирск,2020-10-15
2889,Тюмень,2020-10-15
2890,Москва,2020-10-15
2891,Тюмень,2020-10-16
2892,Москва,2020-10-16
2893,Новосибирск,2020-10-16
2894,Тюмень,2020-10-16
2895,Новосибирск,2020-10-16
2896,Новосибирск,2020-10-16
2897,Тюмень,2020-10-16
2898,Санкт-Петербург,2020-10-16
2899,Санкт-Петербург,2020-10-16
2900,Новосибирск,2020-10-16
2901,Новосибирск,2020-10-17
2902,Санкт-Петербург,2020-10-17
2903,Тюмень,2020-10-17
2904,Тюмень,2020-10-17
2905,Новосибирск,2020-10-17
2906,Санкт-Петербург,2020-10-17
2907,Санкт-Петербург,2020-10-17
2908,Новосибирск,2020-10-17
2909,Новосибирск,2020-10-17
2910,Москва,2020-10-17
2911,Новосибирск,2020-10-18
2912,Новосибирск,2020-10-18
2913,Новосибирск,2020-10-18
2914,Новосибирск,2020-10-18
2915,Тюмень,2020-10-18
2916,Санкт-Петербург,2020-10-18
2917,Новосибирск,2020-10-18
2918,Санкт-Петербург,2020-10-18
2919,Санкт-Петербург,2020-10-18
2920,Тюмень,2020-10-18
2921,Санкт-Петербург,2020-10-19
2922,Новосибирск,2020-10-19
2923,Тюмень,2020-10-19
2924,Санкт-Петербург,2020-10-19
2925,Санкт-Петербург,2020-10-19
2926,Санкт-Петербург,2020-10-19
2927,Новосибирск,2020-10-19
2928,Санкт-Петербург,2020-10-19
2929,Новосибирск,2020-10-19
2930,Москва,2020-10-19
2931,Тюмень,2020-10-20
2932,Новосибирск,2020-10-20
2933,Тюмень,2020-10-20
2934,Санкт-Петербург,2020-10-20
2935,Новосибирск,2020-10-20
2936,Москва,2020-10-20
2937,Москва,2020-10-20
2938,Санкт-Петербург,2020-10-20
2939,Санкт-Петербург,2020-10-20
2940,Тюмень,2020-10-20
2941,Санкт-Петербург,2020-10-21
2942,Москва,2020-10-21
2943,Санкт-Петербург,2020-10-21
2944,Санкт-Петербург,2020-10-21
2945,Тюмень,2020-10-21
2946,Новосибирск,2020-10-21
2947,Москва,2020-10-21
2948,Санкт-Петербург,2020-10-21
2949,Санкт-Петербург,2020-10-21
2950,Москва,2020-10-21
2951,Санкт-Петербург,2020-10-22
2952,Новосибирск,2020-10-22
2953,Новосибирск,2020-10-22
2954,Москва,2020-10-22
2955,Санкт-Петербург,2020-10-22
2956,Новосибирск,2020-10-22
2957,Санкт-Петербург,2020-10-22
2958,Санкт-Петербург,2020-10-22
2959,Москва,2020-10-22
2960,Санкт-Петербург,2020-10-22
2961,Москва,2020-10-23
2962,Санкт-Петербург,2020-10-23
2963,Тюмень,2020-10-23
2964,Тюмень,2020-10-23
2965,Новосибирск,2020-10-23
2966,Санкт-Петербург,2020-10-23
2967,Новосибирск,2020-10-23
2968,Тюмень,2020-10-23
2969,Новосибирск,2020-10-23
2970,Санкт-Петербург,2020-10-23
2971,Москва,2020-10-24
2972,Москва,2020-10-24
2973,Тюмень,2020-10-24
2974,Москва,2020-10-24
2975,Тюмень,2020-10-24
2976,Новосибирск,2020-10-24
2977,Тюмень,2020-10-24
2978,Санкт-Петербург,2020-10-24
2979,Москва,2020-10-24
2980,Тюмень,2020-10-24
2981,Тюмень,2020-10-25
2982,Тюмень,2020-10-25
2983,Тюмень,2020-10-25
2984,Москва,2020-10-25
2985,Тюмень,2020-10-25
2986,Санкт-Петербург,2020-10-25
2987,Санкт-Петербург,2020-10-25
2988,Тюмень,2020-10-25
2989,Москва,2020-10-25
2990,Тюмень,2020-10-25
2991,Тюмень,2020-10-26
2992,Новосибирск,2020-10-26
2993,Москва,2020-10-26
2994,Санкт-Петербург,2020-10-26
2995,Санкт-Петербург,2020-10-26
2996,Москва,2020-10-26
2997,Тюмень,2020-10-26
2998,Санкт-Петербург,2020-10-26
2999,Санкт-Петербург,2020-10-26
3000,Санкт-Петербург,2020-10-26
3001,Санкт-Петербург,2020-10-27
3002,Санкт-Петербург,2020-10-27
3003,Тюмень,2020-10-27
3004,Санкт-Петербург,2020-10-27
3005,Новосибирск,2020-10-27
3006,Новосибирск,2020-10-27
3007,Москва,2020-10-27
3008,Санкт-Петербург,2020-10-27
3009,Санкт-Петербург,2020-10-27
3010,Новосибирск,2020-10-27
3011,Тюмень,2020-10-28
3012,Москва,2020-10-28
3013,Тюмень,2020-10-28
3014,Москва,2020-10-28
3015,Санкт-Петербург,2020-10-28
3016,Тюмень,2020-10-28
3017,Москва,2020-10-28
3018,Тюмень,2020-10-28
3019,Новосибирск,2020-10-28
3020,Санкт-Петербург,2020-10-28
3021,Новосибирск,2020-10-29
3022,Тюмень,2020-10-29
3023,Санкт-Петербург,2020-10-29
3024,Новосибирск,2020-10-29
3025,Тюмень,2020-10-29
3026,Санкт-Петербург,2020-10-29
3027,Тюмень,2020-10-29
3028,Санкт-Петербург,2020-10-29
3029,Москва,2020-10-29
3030,Новосибирск,2020-10-29
3031,Москва,2020-10-30
3032,Санкт-Петербург,2020-10-30
3033,Санкт-Петербург,2020-10-30
3034,Новосибирск,2020-10-30
3035,Санкт-Петербург,2020-10-30
3036,Новосибирск,2020-10-30
3037,Москва,2020-10-30
3038,Москва,2020-10-30
3039,Новосибирск,2020-10-30
3040,Новосибирск,2020-10-30
3041,Санкт-Петербург,2020-10-31
3042,Москва,2020-10-31
3043,Тюмень,2020-10-31
3044,Санкт-Петербург,2020-10-31
3045,Тюмень,2020-10-31
3046,Новосибирск,2020-10-31
3047,Тюмень,2020-10-31
3048,Новосибирск,2020-10-31
3049,Санкт-Петербург,2020-10-31
3050,Тюмень,2020-10-31
3051,Тюмень,2020-11-01
3052,Москва,2020-11-01
3053,Тюмень,2020-11-01
3054,Санкт-Петербург,2020-11-01
3055,Москва,2020-11-01
3056,Тюмень,2020-11-01
3057,Москва,2020-11-01
3058,Санкт-Петербург,2020-11-01
3059,Санкт-Петербург,2020-11-01
3060,Тюмень,2020-11-01
3061,Москва,2020-11-02
3062,Тюмень,2020-11-02
3063,Новосибирск,2020-11-02
3064,Тюмень,2020-11-02
3065,Санкт-Петербург,2020-11-02
3066,Москва,2020-11-02
3067,Москва,2020-11-02
3068,Санкт-Петербург,2020-11-02
3069,Новосибирск,2020-11-02
3070,Тюмень,2020-11-02
3071,Москва,2020-11-03
3072,Санкт-Петербург,2020-11-03
3073,Санкт-Петербург,2020-11-03
3074,Москва,2020-11-03
3075,Санкт-Петербург,2020-11-03
3076,Тюмень,2020-11-03
3077,Москва,2020-11-03
3078,Тюмень,2020-11-03
3079,Санкт-Петербург,2020-11-03
3080,Москва,2020-11-03
3081,Санкт-Петербург,2020-11-04
3082,Санкт-Петербург,2020-11-04
3083,Москва,2020-11-04
3084,Новосибирск,2020-11-04
3085,Тюмень,2020-11-04
3086,Санкт-Петербург,2020-11-04
3087,Новосибирск,2020-11-04
3088,Тюмень,2020-11-04
3089,Москва,2020-11-04
3090,Москва,2020-11-04
3091,Тюмень,2020-11-05
3092,Новосибирск,2020-11-05
3093,Санкт-Петербург,2020-11-05
3094,Новосибирск,2020-11-05
3095,Тюмень,2020-11-05
3096,Москва,2020-11-05
3097,Москва,2020-11-05
3098,Тюмень,2020-11-05
3099,Санкт-Петербург,2020-11-05
3100,Новосибирск,2020-11-05
3101,Новосибирск,2020-11-06
3102,Тюмень,2020-11-06
3103,Новосибирск,2020-11-06
3104,Москва,2020-11-06
3105,Москва,2020-11-06
3106,Тюмень,2020-11-06
3107,Тюмень,2020-11-06
3108,Санкт-Петербург,2020-11-06
3109,Новосибирск,2020-11-06
3110,Санкт-Петербург,2020-11-06
3111,Санкт-Петербург,2020-11-07
3112,Тюмень,2020-11-07
3113,Новосибирск,2020-11-07
3114,Санкт-Петербург,2020-11-07
3115,Санкт-Петербург,2020-11-07
3116,Новосибирск,2020-11-07
3117,Новосибирск,2020-11-07
3118,Тюмень,2020-11-07
3119,Тюмень,2020-11-07
3120,Санкт-Петербург,2020-11-07
3121,Санкт-Петербург,2020-11-08
3122,Москва,2020-11-08
3123,Новосибирск,2020-11-08
3124,Санкт-Петербург,2020-11-08
3125,Москва,2020-11-08
3126,Санкт-Петербург,2020-11-08
3127,Москва,2020-11-08
3128,Новосибирск,2020-11-08
3129,Тюмень,2020-11-08
3130,Санкт-Петербург,2020-11-08
3131,Тюмень,2020-11-09
3132,Санкт-Петербург,2020-11-09
3133,Тюмень,2020-11-09
3134,Тюмень,2020-11-09
3135,Санкт-Петербург,2020-11-09
3136,Тюмень,2020-11-09
3137,Тюмень,2020-11-09
3138,Москва,2020-11-09
3139,Санкт-Петербург,2020-11-09
3140,Новосибирск,2020-11-09
3141,Москва,2020-11-10
3142,Новосибирск,2020-11-10
3143,Санкт-Петербург,2020-11-10
3144,Санкт-Петербург,2020-11-10
3145,Тюмень,2020-11-10
3146,Санкт-Петербург,2020-11-10
3147,Санкт-Петербург,2020-11-10
3148,Новосибирск,2020-11-10
3149,Тюмень,2020-11-10
3150,Новосибирск,2020-11-10
3151,Тюмень,2020-11-11
3152,Санкт-Петербург,2020-11-11
3153,Москва,2020-11-11
3154,Санкт-Петербург,2020-11-11
3155,Новосибирск,2020-11-11
3156,Новосибирск,2020-11-11
3157,Новосибирск,2020-11-11
3158,Тюмень,2020-11-11
3159,Москва,2020-11-11
3160,Тюмень,2020-11-11
3161,Тюмень,2020-11-12
3162,Тюмень,2020-11-12
3163,Москва,2020-11-12
3164,Тюмень,2020-11-12
3165,Санкт-Петербург,2020-11-12
3166,Москва,2020-11-12
3167,Тюмень,2020-11-12
3168,Санкт-Петербург,2020-11-12
3169,Москва,2020-11-12
3170,Тюмень,2020-11-12
3171,Новосибирск,2020-11-13
3172,Новосибирск,2020-11-13
3173,Тюмень,2020-11-13
3174,Санкт-Петербург,2020-11-13
3175,Новосибирск,2020-11-13
3176,Санкт-Петербург,2020-11-13
3177,Москва,2020-11-13
3178,Москва,2020-11-13
3179,Тюмень,2020-11-13
3180,Санкт-Петербург,2020-11-13
3181,Новосибирск,2020-11-14
3182,Санкт-Петербург,2020-11-14
3183,Санкт-Петербург,2020-11-14
3184,Москва,2020-11-14
3185,Новосибирск,2020-11-14
3186,Тюмень,2020-11-14
3187,Новосибирск,2020-11-14
3188,Тюмень,2020-11-14
3189,Тюмень,2020-11-14
3190,Новосибирск,2020-11-14
3191,Новосибирск,2020-11-15
3192,Москва,2020-11-15
3193,Новосибирск,2020-11-15
3194,Новосибирск,2020-11-15
3195,Санкт-Петербург,2020-11-15
3196,Москва,2020-11-15
3197,Москва,2020-11-15
3198,Санкт-Петербург,2020-11-15
3199,Тюмень,2020-11-15
3200,Санкт-Петербург,2020-11-15
3201,Москва,2020-11-16
3202,Новосибирск,2020-11-16
3203,Тюмень,2020-11-16
3204,Новосибирск,2020-11-16
3205,Тюмень,2020-11-16
3206,Тюмень,2020-11-16
3207,Новосибирск,2020-11-16
3208,Тюмень,2020-11-16
3209,Новосибирск,2020-11-16
3210,Тюмень,2020-11-16
3211,Новосибирск,2020-11-17
3212,Санкт-Петербург,2020-11-17
3213,Новосибирск,2020-11-17
3214,Тюмень,2020-11-17
3215,Москва,2020-11-17
3216,Новосибирск,2020-11-17
3217,Тюмень,2020-11-17
3218,Москва,2020-11-17
3219,Новосибирск,2020-11-17
3220,Новосибирск,2020-11-17
3221,Новосибирск,2020-11-18
3222,Новосибирск,2020-11-18
3223,Новосибирск,2020-11-18
3224,Санкт-Петербург,2020-11-18
3225,Санкт-Петербург,2020-11-18
3226,Тюмень,2020-11-18
3227,Санкт-Петербург,2020-11-18
3228,Санкт-Петербург,2020-11-18
3229,Москва,2020-11-18
3230,Москва,2020-11-18
3231,Новосибирск,2020-11-19
3232,Санкт-Петербург,2020-11-19
3233,Тюмень,2020-11-19
3234,Москва,2020-11-19
3235,Тюмень,2020-11-19
3236,Новосибирск,2020-11-19
3237,Новосибирск,2020-11-19
3238,Москва,2020-11-19
3239,Санкт-Петербург,2020-11-19
3240,Санкт-Петербург,2020-11-19
3241,Тюмень,2020-11-20
3242,Москва,2020-11-20
3243,Новосибирск,2020-11-20
3244,Санкт-Петербург,2020-11-20
3245,Санкт-Петербург,2020-11-20
3246,Новосибирск,2020-11-20
3247,Санкт-Петербург,2020-11-20
3248,Тюмень,2020-11-20
3249,Новосибирск,2020-11-20
3250,Новосибирск,2020-11-20
3251,Новосибирск,2020-11-21
3252,Тюмень,2020-11-21
3253,Тюмень,2020-11-21
3254,Тюмень,2020-11-21
3255,Санкт-Петербург,2020-11-21
3256,Санкт-Петербург,2020-11-21
3257,Москва,2020-11-21
3258,Тюмень,2020-11-21
3259,Новосибирск,2020-11-21
3260,Санкт-Петербург,2020-11-21
3261,Москва,2020-11-22
3262,Новосибирск,2020-11-22
3263,Москва,2020-11-22
3264,Тюмень,2020-11-22
3265,Новосибирск,2020-11-22
3266,Москва,2020-11-22
3267,Москва,2020-11-22
3268,Санкт-Петербург,2020-11-22
3269,Тюмень,2020-11-22
3270,Тюмень,2020-11-22
3271,Москва,2020-11-23
3272,Москва,2020-11-23
3273,Санкт-Петербург,2020-11-23
3274,Москва,2020-11-23
3275,Новосибирск,2020-11-23
3276,Санкт-Петербург,2020-11-23
3277,Новосибирск,2020-11-23
3278,Санкт-Петербург,2020-11-23
3279,Тюмень,2020-11-23
3280,Москва,2020-11-23
3281,Новосибирск,2020-11-24
3282,Санкт-Петербург,2020-11-24
3283,Москва,2020-11-24
3284,Тюмень,2020-11-24
3285,Москва,2020-11-24
3286,Тюмень,2020-11-24
3287,Москва,2020-11-24
3288,Москва,2020-11-24
3289,Тюмень,2020-11-24
3290,Тюмень,2020-11-24
3291,Москва,2020-11-25
3292,Санкт-Петербург,2020-11-25
3293,Москва,2020-11-25
3294,Тюмень,2020-11-25
3295,Москва,2020-11-25
3296,Тюмень,2020-11-25
3297,Москва,2020-11-25
3298,Москва,2020-11-25
3299,Новосибирск,2020-11-25
3300,Тюмень,2020-11-25
3301,Тюмень,2020-11-26
3302,Новосибирск,2020-11-26
3303,Тюмень,2020-11-26
3304,Новосибирск,2020-11-26
3305,Тюмень,2020-11-26
3306,Москва,2020-11-26
3307,Санкт-Петербург,2020-11-26
3308,Москва,2020-11-26
3309,Москва,2020-11-26
3310,Тюмень,2020-11-26
3311,Москва,2020-11-27
3312,Санкт-Петербург,2020-11-27
3313,Новосибирск,2020-11-27
3314,Тюмень,2020-11-27
3315,Тюмень,2020-11-27
3316,Санкт-Петербург,2020-11-27
3317,Санкт-Петербург,2020-11-27
3318,Тюмень,2020-11-27
3319,Москва,2020-11-27
3320,Новосибирск,2020-11-27
3321,Новосибирск,2020-11-28
3322,Санкт-Петербург,2020-11-28
3323,Санкт-Петербург,2020-11-28
3324,Москва,2020-11-28
3325,Санкт-Петербург,2020-11-28
3326,Санкт-Петербург,2020-11-28
3327,Новосибирск,2020-11-28
3328,Санкт-Петербург,2020-11-28
3329,Новосибирск,2020-11-28
3330,Тюмень,2020-11-28
3331,Тюмень,2020-11-29
3332,Новосибирск,2020-11-29
3333,Новосибирск,2020-11-29
3334,Санкт-Петербург,2020-11-29
3335,Тюмень,2020-11-29
3336,Санкт-Петербург,2020-11-29
3337,Москва,2020-11-29
3338,Новосибирск,2020-11-29
3339,Москва,2020-11-29
3340,Тюмень,2020-11-29
3341,Санкт-Петербург,2020-11-30
3342,Тюмень,2020-11-30
3343,Новосибирск,2020-11-30
3344,Москва,2020-11-30
3345,Санкт-Петербург,2020-11-30
3346,Санкт-Петербург,2020-11-30
3347,Тюмень,2020-11-30
3348,Санкт-Петербург,2020-11-30
3349,Тюмень,2020-11-30
3350,Новосибирск,2020-11-30
3351,Тюмень,2020-12-01
3352,Санкт-Петербург,2020-12-01
3353,Санкт-Петербург,2020-12-01
3354,Санкт-Петербург,2020-12-01
3355,Новосибирск,2020-12-01
3356,Санкт-Петербург,2020-12-01
3357,Санкт-Петербург,2020-12-01
3358,Тюмень,2020-12-01
3359,Москва,2020-12-01
3360,Москва,2020-12-01
3361,Санкт-Петербург,2020-12-02
3362,Тюмень,2020-12-02
3363,Москва,2020-12-02
3364,Новосибирск,2020-12-02
3365,Москва,2020-12-02
3366,Новосибирск,2020-12-02
3367,Новосибирск,2020-12-02
3368,Новосибирск,2020-12-02
3369,Новосибирск,2020-12-02
3370,Новосибирск,2020-12-02
3371,Тюмень,2020-12-03
3372,Новосибирск,2020-12-03
3373,Тюмень,2020-12-03
3374,Новосибирск,2020-12-03
3375,Новосибирск,2020-12-03
3376,Новосибирск,2020-12-03
3377,Новосибирск,2020-12-03
3378,Санкт-Петербург,2020-12-03
3379,Санкт-Петербург,2020-12-03
3380,Москва,2020-12-03
3381,Санкт-Петербург,2020-12-04
3382,Тюмень,2020-12-04
3383,Тюмень,2020-12-04
3384,Санкт-Петербург,2020-12-04
3385,Тюмень,2020-12-04
3386,Тюмень,2020-12-04
3387,Санкт-Петербург,2020-12-04
3388,Москва,2020-12-04
3389,Санкт-Петербург,2020-12-04
3390,Москва,2020-12-04
3391,Санкт-Петербург,2020-12-05
3392,Новосибирск,2020-12-05
3393,Санкт-Петербург,2020-12-05
3394,Санкт-Петербург,2020-12-05
3395,Новосибирск,2020-12-05
3396,Новосибирск,2020-12-05
3397,Москва,2020-12-05
3398,Москва,2020-12-05
3399,Москва,2020-12-05
3400,Санкт-Петербург,2020-12-05
3401,Новосибирск,2020-12-06
3402,Новосибирск,2020-12-06
3403,Новосибирск,2020-12-06
3404,Санкт-Петербург,2020-12-06
3405,Санкт-Петербург,2020-12-06
3406,Тюмень,2020-12-06
3407,Тюмень,2020-12-06
3408,Новосибирск,2020-12-06
3409,Новосибирск,2020-12-06
3410,Москва,2020-12-06
3411,Тюмень,2020-12-07
3412,Москва,2020-12-07
3413,Санкт-Петербург,2020-12-07
3414,Тюмень,2020-12-07
3415,Москва,2020-12-07
3416,Санкт-Петербург,2020-12-07
3417,Тюмень,2020-12-07
3418,Москва,2020-12-07
3419,Тюмень,2020-12-07
3420,Новосибирск,2020-12-07
3421,Москва,2020-12-08
3422,Москва,2020-12-08
3423,Тюмень,2020-12-08
3424,Тюмень,2020-12-08
3425,Санкт-Петербург,2020-12-08
3426,Новосибирск,2020-12-08
3427,Санкт-Петербург,2020-12-08
3428,Москва,2020-12-08
3429,Москва,2020-12-08
3430,Санкт-Петербург,2020-12-08
3431,Санкт-Петербург,2020-12-09
3432,Тюмень,2020-12-09
3433,Москва,2020-12-09
3434,Москва,2020-12-09
3435,Москва,2020-12-09
3436,Тюмень,2020-12-09
3437,Новосибирск,2020-12-09
3438,Москва,2020-12-09
3439,Санкт-Петербург,2020-12-09
3440,Тюмень,2020-12-09
3441,Санкт-Петербург,2020-12-10
3442,Санкт-Петербург,2020-12-10
3443,Тюмень,2020-12-10
3444,Санкт-Петербург,2020-12-10
3445,Москва,2020-12-10
3446,Санкт-Петербург,2020-12-10
3447,Санкт-Петербург,2020-12-10
3448,Санкт-Петербург,2020-12-10
3449,Тюмень,2020-12-10
3450,Санкт-Петербург,2020-12-10
3451,Тюмень,2020-12-11
3452,Тюмень,2020-12-11
3453,Тюмень,2020-12-11
3454,Тюмень,2020-12-11
3455,Санкт-Петербург,2020-12-11
3456,Москва,2020-12-11
3457,Санкт-Петербург,2020-12-11
3458,Тюмень,2020-12-11
3459,Санкт-Петербург,2020-12-11
3460,Москва,2020-12-11
3461,Новосибирск,2020-12-12
3462,Новосибирск,2020-12-12
3463,Новосибирск,2020-12-12
3464,Санкт-Петербург,2020-12-12
3465,Санкт-Петербург,2020-12-12
3466,Новосибирск,2020-12-12
3467,Санкт-Петербург,2020-12-12
3468,Тюмень,2020-12-12
3469,Санкт-Петербург,2020-12-12
3470,Санкт-Петербург,2020-12-12
3471,Санкт-Петербург,2020-12-13
3472,Тюмень,2020-12-13
3473,Санкт-Петербург,2020-12-13
3474,Тюмень,2020-12-13
3475,Санкт-Петербург,2020-12-13
3476,Тюмень,2020-12-13
3477,Санкт-Петербург,2020-12-13
3478,Новосибирск,2020-12-13
3479,Новосибирск,2020-12-13
3480,Новосибирск,2020-12-13
3481,Санкт-Петербург,2020-12-14
3482,Санкт-Петербург,2020-12-14
3483,Тюмень,2020-12-14
3484,Новосибирск,2020-12-14
3485,Новосибирск,2020-12-14
3486,Тюмень,2020-12-14
3487,Новосибирск,2020-12-14
3488,Москва,2020-12-14
3489,Москва,2020-12-14
3490,Санкт-Петербург,2020-12-14
3491,Санкт-Петербург,2020-12-15
3492,Новосибирск,2020-12-15
3493,Новосибирск,2020-12-15
3494,Москва,2020-12-15
3495,Москва,2020-12-15
3496,Новосибирск,2020-12-15
3497,Новосибирск,2020-12-15
3498,Санкт-Петербург,2020-12-15
3499,Москва,2020-12-15
3500,Москва,2020-12-15
3501,Тюмень,2020-12-16
3502,Москва,2020-12-16
3503,Москва,2020-12-16
3504,Санкт-Петербург,2020-12-16
3505,Новосибирск,2020-12-16
3506,Тюмень,2020-12-16
3507,Тюмень,2020-12-16
3508,Санкт-Петербург,2020-12-16
3509,Санкт-Петербург,2020-12-16
3510,Москва,2020-12-16
3511,Новосибирск,2020-12-17
3512,Новосибирск,2020-12-17
3513,Новосибирск,2020-12-17
3514,Тюмень,2020-12-17
3515,Новосибирск,2020-12-17
3516,Москва,2020-12-17
3517,Москва,2020-12-17
3518,Санкт-Петербург,2020-12-17
3519,Новосибирск,2020-12-17
3520,Санкт-Петербург,2020-12-17
3521,Новосибирск,2020-12-18
3522,Тюмень,2020-12-18
3523,Москва,2020-12-18
3524,Новосибирск,2020-12-18
3525,Тюмень,2020-12-18
3526,Новосибирск,2020-12-18
3527,Москва,2020-12-18
3528,Тюмень,2020-12-18
3529,Новосибирск,2020-12-18
3530,Москва,2020-12-18
3531,Москва,2020-12-19
3532,Москва,2020-12-19
3533,Санкт-Петербург,2020-12-19
3534,Новосибирск,2020-12-19
3535,Санкт-Петербург,2020-12-19
3536,Санкт-Петербург,2020-12-19
3537,Санкт-Петербург,2020-12-19
3538,Тюмень,2020-12-19
3539,Москва,2020-12-19
3540,Москва,2020-12-19
3541,Санкт-Петербург,2020-12-20
3542,Москва,2020-12-20
3543,Москва,2020-12-20
3544,Санкт-Петербург,2020-12-20
3545,Москва,2020-12-20
3546,Новосибирск,2020-12-20
3547,Санкт-Петербург,2020-12-20
3548,Санкт-Петербург,2020-12-20
3549,Новосибирск,2020-12-20
3550,Москва,2020-12-20
3551,Санкт-Петербург,2020-12-21
3552,Тюмень,2020-12-21
3553,Новосибирск,2020-12-21
3554,Санкт-Петербург,2020-12-21
3555,Санкт-Петербург,2020-12-21
3556,Новосибирск,2020-12-21
3557,Новосибирск,2020-12-21
3558,Новосибирск,2020-12-21
3559,Новосибирск,2020-12-21
3560,Москва,2020-12-21
3561,Тюмень,2020-12-22
3562,Санкт-Петербург,2020-12-22
3563,Москва,2020-12-22
3564,Санкт-Петербург,2020-12-22
3565,Санкт-Петербург,2020-12-22
3566,Москва,2020-12-22
3567,Тюмень,2020-12-22
3568,Новосибирск,2020-12-22
3569,Москва,2020-12-22
3570,Санкт-Петербург,2020-12-22
3571,Новосибирск,2020-12-23
3572,Тюмень,2020-12-23
3573,Москва,2020-12-23
3574,Санкт-Петербург,2020-12-23
3575,Тюмень,2020-12-23
3576,Новосибирск,2020-12-23
3577,Тюмень,2020-12-23
3578,Тюмень,2020-12-23
3579,Санкт-Петербург,2020-12-23
3580,Санкт-Петербург,2020-12-23
3581,Новосибирск,2020-12-24
3582,Новосибирск,2020-12-24
3583,Новосибирск,2020-12-24
3584,Москва,2020-12-24
3585,Санкт-Петербург,2020-12-24
3586,Тюмень,2020-12-24
3587,Новосибирск,2020-12-24
3588,Новосибирск,2020-12-24
3589,Тюмень,2020-12-24
3590,Санкт-Петербург,2020-12-24
3591,Москва,2020-12-25
3592,Москва,2020-12-25
3593,Москва,2020-12-25
3594,Санкт-Петербург,2020-12-25
3595,Тюмень,2020-12-25
3596,Москва,2020-12-25
3597,Санкт-Петербург,2020-12-25
3598,Тюмень,2020-12-25
3599,Санкт-Петербург,2020-12-25
3600,Тюмень,2020-12-25
3601,Тюмень,2020-12-26
3602,Тюмень,2020-12-26
3603,Тюмень,2020-12-26
3604,Тюмень,2020-12-26
3605,Новосибирск,2020-12-26
3606,Тюмень,2020-12-26
3607,Санкт-Петербург,2020-12-26
3608,Новосибирск,2020-12-26
3609,Санкт-Петербург,2020-12-26
3610,Москва,2020-12-26
3611,Новосибирск,2020-12-27
3612,Новосибирск,2020-12-27
3613,Санкт-Петербург,2020-12-27
3614,Санкт-Петербург,2020-12-27
3615,Санкт-Петербург,2020-12-27
3616,Новосибирск,2020-12-27
3617,Санкт-Петербург,2020-12-27
3618,Санкт-Петербург,2020-12-27
3619,Новосибирск,2020-12-27
3620,Тюмень,2020-12-27
3621,Новосибирск,2020-12-28
3622,Новосибирск,2020-12-28
3623,Санкт-Петербург,2020-12-28
3624,Новосибирск,2020-12-28
3625,Москва,2020-12-28
3626,Новосибирск,2020-12-28
3627,Москва,2020-12-28
3628,Санкт-Петербург,2020-12-28
3629,Москва,2020-12-28
3630,Москва,2020-12-28
3631,Тюмень,2020-12-29
3632,Москва,2020-12-29
3633,Новосибирск,2020-12-29
3634,Тюмень,2020-12-29
3635,Тюмень,2020-12-29
3636,Санкт-Петербург,2020-12-29
3637,Санкт-Петербург,2020-12-29
3638,Тюмень,2020-12-29
3639,Новосибирск,2020-12-29
3640,Тюмень,2020-12-29
3641,Тюмень,2020-12-30
3642,Москва,2020-12-30
3643,Новосибирск,2020-12-30
3644,Тюмень,2020-12-30
3645,Санкт-Петербург,2020-12-30
3646,Новосибирск,2020-12-30
3647,Москва,2020-12-30
3648,Тюмень,2020-12-30
3649,Тюмень,2020-12-30
3650,Тюмень,2020-12-30
